"objectid","shape","classcode","cnn","f_node_cnn","f_st","nhood","oneway","st_type","streetname","t_st","zip_code","slw_st","length","extents","status","phase","install_date","agency","type","supervisor_district","data_as_of","data_loaded_at"
"1,291","LINESTRING (-122.487433564 37.774290092, -122.488505758 37.774241084)","5","3,495,000","27,528,000","28TH AVE","Outer Richmond","B","ST","CABRILLO ST","29TH AVE","94121","1","0.05879311","23rd Ave to 45th Ave","Implemented","3","2020 Oct 20 05:00:00 PM","MTA","Non-local access","1","2023 Apr 28 02:29:50 PM","2024 Jan 18 03:33:32 PM"
"1,286","LINESTRING (-122.493867856 37.773995847, -122.494938693 37.773946842)","5","3,501,000","27,825,000","34TH AVE","Outer Richmond","B","ST","CABRILLO ST","35TH AVE","94121","1","0.05871917","23rd Ave to 45th Ave","Implemented","3","2020 Oct 20 05:00:00 PM","MTA","Non-local access","1","2023 Apr 28 02:29:50 PM","2024 Jan 18 03:33:32 PM"
"438","LINESTRING (-122.461470836 37.786816064, -122.462546556 37.78676805)","5","8,011,000","27,584,000","03RD AVE","Presidio Heights","B","ST","LAKE ST","04TH AVE","94118","1","0.058972","28th Avenue to Arguello Boulevard","Implemented","1","2020 Apr 30 05:00:00 PM","MTA","Non-local access","1","2021 Nov 23 04:11:01 PM","2024 Jan 18 03:33:32 PM"
"432","LINESTRING (-122.477644057 37.786079795, -122.478713573 37.78603127)","5","8,027,000","27,634,000","18TH AVE","Inner Richmond","B","ST","LAKE ST","19TH AVE","94121","1","0.05863556","28th Avenue to Arguello Boulevard","Implemented","1","2020 Apr 30 05:00:00 PM","MTA","Non-local access","1","2021 Nov 23 04:11:01 PM","2024 Jan 18 03:33:32 PM"
"435","LINESTRING (-122.473255083 37.786288101, -122.474382842 37.786238018)","5","8,023,000","27,622,000","14TH AVE","Inner Richmond","B","ST","LAKE ST","15TH AVE","94118","1","0.06182429","28th Avenue to Arguello Boulevard","Implemented","1","2020 Apr 30 05:00:00 PM","MTA","Non-local access","1","2021 Nov 23 04:11:01 PM","2024 Jan 18 03:33:32 PM"
"433","LINESTRING (-122.487286365 37.785648841, -122.488140379 37.785611775)","5","8,036,000","27,659,000","27TH AVE","Seacliff","B","ST","LAKE ST","28TH AVE","94121","1","0.04681459","28th Avenue to Arguello Boulevard","Implemented","1","2020 Apr 30 05:00:00 PM","MTA","Non-local access","1","2021 Nov 23 04:11:01 PM","2024 Jan 18 03:33:32 PM"
"1,604","LINESTRING (-122.497082371 37.773848713, -122.4981493 37.773799858)","5","3,504,000","27,863,000","37TH AVE","Outer Richmond","B","ST","CABRILLO ST","38TH AVE","94121","1","0.05850511","23rd Ave to 45th Ave","Implemented","3","2020 Oct 20 05:00:00 PM","MTA","Non-local access","1","2023 Apr 28 02:29:50 PM","2024 Jan 18 03:33:32 PM"
"648","LINESTRING (-122.482318449 37.776399887, -122.482183772 37.774534489)","5","1,216,000","27,533,000","BALBOA ST","Outer Richmond","B","AVE","23RD AVE","CABRILLO ST","94121","1","0.12886334","Lake to Cabrillo","Implemented","2","2020 Jun 09 05:00:00 PM","MTA","Non-local access","1","2020 Oct 13 04:05:18 PM","2024 Jan 18 03:33:32 PM"
"1,612","LINESTRING (-122.442476421 37.789662961, -122.444119473 37.789457083)","5","4,117,000","26,854,000","BRODERICK ST","Pacific Heights","B","ST","CLAY ST","BAKER ST","94115","1","0.09104227","Arguello to Steiner","Implemented","3","2020 Oct 05 05:00:00 PM","MTA","Non-local access","2","2020 Oct 13 04:05:18 PM","2024 Jan 18 03:33:32 PM"
"100","LINESTRING (-122.428990052 37.773247801, -122.430629085 37.773039299)","5","10,174,000","25,901,000","WEBSTER ST","Western Addition","B","ST","PAGE ST","FILLMORE ST","94117","1","0.09087306","Stanyan to Gough","Implemented","1","2020 Apr 30 05:00:00 PM","MTA","Non-local access","5","2020 Oct 13 04:05:18 PM","2024 Jan 18 03:33:32 PM"
"2,603","LINESTRING (-122.442754865 37.774358833, -122.442945446 37.775295529)","5","8,557,000","26,356,000","HAYES ST","North Panhandle","B","ST","LYON ST","GROVE ST","94117","1","0.06543881","Turk Street to Haight Street","Implemented","4","2021 Jul 06 05:00:00 PM","MTA","Non-local access","5","2021 Jul 07 04:22:50 PM","2024 Jan 18 03:33:32 PM"
"97","LINESTRING (-122.433922188 37.772620311, -122.43556332 37.77241793)","5","10,177,000","26,003,000","PIERCE ST","Western Addition","B","ST","PAGE ST","SCOTT ST","94117","1","0.0909215","Stanyan to Gough","Implemented","1","2020 Apr 30 05:00:00 PM","MTA","Non-local access","5","2020 Oct 13 04:05:18 PM","2024 Jan 18 03:33:32 PM"
"2,568","LINESTRING (-122.446573476 37.730699251, -122.448860456 37.730690189)","5","6,865,000","22,161,000","EDNA ST","Sunnyside","B","AVE","HEARST AVE","FOERSTER ST","94112","1","0.12527275","Ridgewood Avenue to Baden Street","Implemented","4","2021 Jul 26 05:00:00 PM","MTA","Non-local access","7","2021 Aug 03 11:50:20 AM","2024 Jan 18 03:33:32 PM"
"2,562","LINESTRING (-122.469263156 37.760170586, -122.469131021 37.758303993)","5","530,000","27,159,000","KIRKHAM ST","Inner Sunset","B","AVE","12TH AVE","LAWTON ST","94122","1","0.12893746","Lincoln Way to Lawton","Implemented","4","2021 Jul 19 05:00:00 PM","MTA","Non-local access","7","2023 Apr 20 11:36:44 AM","2024 Jan 18 03:33:32 PM"
"682","LINESTRING (-122.429422762 37.749157853, -122.429346499 37.748362264)","5","11,532,000","25,644,000","CLIPPER ST","Noe Valley","B","ST","SANCHEZ ST","26TH ST","94114","1","0.05502842","23rd St to 30th St","Implemented","2","2020 May 19 05:00:00 PM","MTA","Non-local access","8","2020 Oct 13 04:05:18 PM","2024 Jan 18 03:33:32 PM"
"3,538","LINESTRING (-122.424289762 37.755105763, -122.424822692 37.755074983)","5","1,197,000","25,626,000","FAIR OAKS ST","Noe Valley","B","ST","22ND ST","QUANE ST","94110","1","0.02925921","Bryant to Chattanooga","Planned",,,"MTA",,"8","2023 Mar 01 02:13:09 PM","2024 Jan 18 03:33:32 PM"
"3,534","LINESTRING (-122.420964093 37.755294783, -122.421435247 37.755268223)","5","1,193,000","24,115,000","VALENCIA ST","Inner Mission","B","ST","22ND ST","SAN JOSE AVE","94110","1","0.02586426","Bryant to Chattanooga","Planned",,,"MTA",,"9","2023 Mar 01 02:13:09 PM","2024 Jan 18 03:33:32 PM"
"3,528","LINESTRING (-122.414387601 37.755699465, -122.415473275 37.755634108)","5","1,187,000","24,077,000","FOLSOM ST","Inner Mission","B","ST","22ND ST","SHOTWELL ST","94110","1","0.05961935","Bryant to Chattanooga","Planned",,,"MTA",,"9","2023 Mar 01 02:13:09 PM","2024 Jan 18 03:33:32 PM"
"745","LINESTRING (-122.409043771 37.73020274, -122.408548511 37.729002898)","5","11,967,000","20,902,000","SILLIMAN ST","Excelsior","B","ST","SOMERSET ST","FELTON ST","94134","1","0.0870832","Silver to Woolsey","Implemented","2","2020 Jun 01 05:00:00 PM","MTA","Non-local access","9","2020 Oct 13 04:05:18 PM","2024 Jan 18 03:33:32 PM"
"667","LINESTRING (-122.416227271 37.763635137, -122.416077986 37.762034002)","5","11,835,000","24,135,000","17TH ST","The Mission","B","ST","SHOTWELL ST","18TH ST","94110","1","0.1107285","14th St to Cesar Chavez","Implemented","2","2020 May 19 05:00:00 PM","MTA","Non-local access","9","2020 Oct 13 04:05:18 PM","2024 Jan 18 03:33:32 PM"
"746","LINESTRING (-122.407556405 37.726599246, -122.407056461 37.72539995)","5","11,970,000","20,888,000","BACON ST","Excelsior","B","ST","SOMERSET ST","WAYLAND ST","94134","1","0.08712809","Silver to Woolsey","Implemented","2","2020 Jun 01 05:00:00 PM","MTA","Non-local access","9","2020 Oct 13 04:05:18 PM","2024 Jan 18 03:33:32 PM"
"1,747","LINESTRING (-122.44470621 37.717995411, -122.445246154 37.717521261)","5","3,843,000","22,082,000","NIAGARA AVE","Outer Mission","B","AVE","CAYUGA AVE","SHAWNEE AVE","94112","1","0.04409505","Naglee to Rousseau","Implemented","3","2023 Jul 31 05:00:00 PM","MTA","Non-local access","11","2023 Sep 20 03:06:06 PM","2024 Jan 18 03:33:32 PM"
"1,740","LINESTRING (-122.429766351 37.73145973, -122.430578486 37.731234944)","5","3,819,000","21,706,000","ROUSSEAU ST","Outer Mission","B","AVE","CAYUGA AVE","ROTTECK ST","94112","1","0.04710893","Naglee to Rousseau","Implemented","3","2023 Jul 31 05:00:00 PM","MTA","Non-local access","11","2023 Sep 20 03:06:06 PM","2024 Jan 18 03:33:32 PM"
"1,749","LINESTRING (-122.443696073 37.718928673, -122.444190955 37.718470082)","5","3,841,000","22,088,000","GENEVA AVE","Outer Mission","B","AVE","CAYUGA AVE","SEMINOLE AVE","94112","1","0.04165773","Naglee to Rousseau","Implemented","3","2023 Jul 31 05:00:00 PM","MTA","Non-local access","11","2023 Sep 20 03:06:06 PM","2024 Jan 18 03:33:32 PM"
"1,732","LINESTRING (-122.439350074 37.722733433, -122.439764643 37.722069003)","5","3,833,000","22,064,000","VALERTON CT","Outer Mission","B","AVE","CAYUGA AVE","ONONDAGA AVE","94112","1","0.05114299","Naglee to Rousseau","Implemented","3","2023 Jul 31 05:00:00 PM","MTA","Non-local access","11","2023 Sep 20 03:06:06 PM","2024 Jan 18 03:33:32 PM"
"1,759","LINESTRING (-122.440947061 37.720184353, -122.441400989 37.719865362)","5","3,837,000","33,428,000","SUNBEAM LN","Outer Mission","B","AVE","CAYUGA AVE","JUNIOR TER","94112","1","0.03320247","Naglee to Rousseau","Implemented","3","2023 Jul 31 05:00:00 PM","MTA","Non-local access","11","2023 Sep 20 03:06:06 PM","2024 Jan 18 03:33:32 PM"
"445","LINESTRING (-122.459279528 37.786913871, -122.460404199 37.786865758)","5","8,009,000","27,578,000","ARGUELLO BLVD","Presidio Heights","B","ST","LAKE ST","02ND AVE","94118","1","0.06164755","28th Avenue to Arguello Boulevard","Implemented","1","2020 Apr 30 05:00:00 PM","MTA","Non-local access","1, 2","2021 Nov 23 04:11:01 PM","2024 Jan 18 03:33:32 PM"
"1,668","LINESTRING (-122.42487023 37.739011396, -122.425277591 37.738209207)","5","2,448,000","21,843,000","FAIRMOUNT ST","Glen Park","B","ST","ARLINGTON ST","CHARLES ST","94131","1","0.05965418","Roanoke to Randall","Implemented","3","2020 Nov 29 04:00:00 PM","MTA","Non-local access","8","2020 Nov 30 03:25:20 PM","2024 Jan 18 03:33:32 PM"
"1,670","LINESTRING (-122.428993988 37.73548526, -122.42969864 37.735027419)","5","2,453,000","33,378,000","SAINT MARY'S AVE","Glen Park","B","ST","ARLINGTON ST","ROANOKE ST","94131","1","0.04986642","Roanoke to Randall","Implemented","3","2020 Nov 29 04:00:00 PM","MTA","Non-local access","8","2020 Nov 30 03:25:20 PM","2024 Jan 18 03:33:32 PM"
"3,535","LINESTRING (-122.421435247 37.755268223, -122.423181 37.755169794)","5","1,194,000","24,117,000","SAN JOSE AVE","Inner Mission","B","ST","22ND ST","GUERRERO ST","94110","1","0.09583423","Bryant to Chattanooga","Planned",,,"MTA",,"8, 9","2023 Mar 01 02:13:09 PM","2024 Jan 18 03:33:32 PM"
"3,544","LINESTRING (-122.411579841 37.759084056, -122.41250093 37.759028146)","5","1,049,000","24,028,000","ALABAMA ST","Inner Mission","B","ST","20TH ST","HARRISON ST","94110","1","0.05058135","Shotwell to Potrero","Implemented",,"2023 Feb 28 04:00:00 PM","MTA",,"9","2023 Apr 20 11:12:17 AM","2024 Jan 18 03:33:32 PM"
"3,541","LINESTRING (-122.408903725 37.759246641, -122.409770121 37.75919401)","5","1,046,000","24,006,000","YORK ST","Inner Mission","B","ST","20TH ST","BRYANT ST","94110","1","0.04757801","Shotwell to Potrero","Implemented",,"2023 Feb 28 04:00:00 PM","MTA",,"9","2023 Apr 20 11:12:17 AM","2024 Jan 18 03:33:32 PM"
"1,760","LINESTRING (-122.432220515 37.730780434, -122.433035016 37.730554971)","5","3,822,000","21,786,000","DANTON ST","Outer Mission","B","AVE","CAYUGA AVE","LAMARTINE ST","94112","1","0.04724706","Naglee to Rousseau","Implemented","3","2023 Jul 31 05:00:00 PM","MTA","Non-local access","11","2023 Sep 20 03:06:06 PM","2024 Jan 18 03:33:32 PM"
"2,569","LINESTRING (-122.439737346 37.730732907, -122.442015664 37.730721768)","5","6,862,000","22,132,000","BADEN ST","Sunnyside","B","AVE","HEARST AVE","CONGO ST","94131","1","0.12479903","Ridgewood Avenue to Baden Street","Implemented","4","2021 Jul 26 05:00:00 PM","MTA","Non-local access","7","2021 Aug 03 11:50:20 AM","2024 Jan 18 03:33:32 PM"
"1,743","LINESTRING (-122.433035016 37.730554971, -122.433854274 37.730328184)","5","3,823,000","21,792,000","LAMARTINE ST","Outer Mission","B","AVE","CAYUGA AVE","BADGER ST","94112","1","0.04752329","Naglee to Rousseau","Implemented","3","2023 Jul 31 05:00:00 PM","MTA","Non-local access","11","2023 Sep 20 03:06:06 PM","2024 Jan 18 03:33:32 PM"
"1,287","LINESTRING (-122.492802443 37.774044593, -122.493867856 37.773995847)","5","3,500,000","27,822,000","33RD AVE","Outer Richmond","B","ST","CABRILLO ST","34TH AVE","94121","1","0.05842167","23rd Ave to 45th Ave","Implemented","3","2020 Oct 20 05:00:00 PM","MTA","Non-local access","1","2023 Apr 28 02:29:50 PM","2024 Jan 18 03:33:32 PM"
"3,841","LINESTRING (-122.449570826 37.777318749, -122.450458195 37.777204617)","5","6,284,000","26,456,000","ROSELYN TER","Lone Mountain","B","AVE","GOLDEN GATE AVE","KITTREDGE TER","94118","1","0.04920953","Masonic to Parker","Implemented",,"2023 Feb 28 04:00:00 PM","MTA",,"1","2023 Apr 20 12:07:52 PM","2024 Jan 18 03:33:32 PM"
"1,289","LINESTRING (-122.489579477 37.774191997, -122.49065134 37.774142985)","5","3,497,000","27,814,000","30TH AVE","Outer Richmond","B","ST","CABRILLO ST","31ST AVE","94121","1","0.05877512","23rd Ave to 45th Ave","Implemented","3","2020 Oct 20 05:00:00 PM","MTA","Non-local access","1","2023 Apr 28 02:29:50 PM","2024 Jan 18 03:33:32 PM"
"451","LINESTRING (-122.485147938 37.78574601, -122.486223795 37.785697129)","5","8,034,000","27,655,000","25TH AVE","Outer Richmond","B","ST","LAKE ST","26TH AVE","94121","1","0.05898373","28th Avenue to Arguello Boulevard","Implemented","1","2020 Apr 30 05:00:00 PM","MTA","Non-local access","1","2021 Nov 23 04:11:01 PM","2024 Jan 18 03:33:32 PM"
"1,283","LINESTRING (-122.49065134 37.774142985, -122.491723389 37.774093954)","5","3,498,000","27,816,000","31ST AVE","Outer Richmond","B","ST","CABRILLO ST","32ND AVE","94121","1","0.0587854","23rd Ave to 45th Ave","Implemented","3","2020 Oct 20 05:00:00 PM","MTA","Non-local access","1","2023 Apr 28 02:29:50 PM","2024 Jan 18 03:33:32 PM"
"440","LINESTRING (-122.460404199 37.786865758, -122.461470836 37.786816064)","5","8,010,000","27,579,000","02ND AVE","Presidio Heights","B","ST","LAKE ST","03RD AVE","94118","1","0.05848228","28th Avenue to Arguello Boulevard","Implemented","1","2020 Apr 30 05:00:00 PM","MTA","Non-local access","1","2021 Nov 23 04:11:01 PM","2024 Jan 18 03:33:32 PM"
"1,284","LINESTRING (-122.504579894 37.773505194, -122.505646709 37.773456276)","5","3,511,000","27,970,000","44TH AVE","Outer Richmond","B","ST","CABRILLO ST","45TH AVE","94121","1","0.0584994","23rd Ave to 45th Ave","Implemented","3","2020 Oct 20 05:00:00 PM","MTA","Non-local access","1","2023 Apr 28 02:29:50 PM","2024 Jan 18 03:33:32 PM"
"452","LINESTRING (-122.484079805 37.78579453, -122.485147938 37.78574601)","5","8,033,000","27,654,000","24TH AVE","Outer Richmond","B","ST","LAKE ST","25TH AVE","94121","1","0.05856019","28th Avenue to Arguello Boulevard","Implemented","1","2020 Apr 30 05:00:00 PM","MTA","Non-local access","1","2021 Nov 23 04:11:01 PM","2024 Jan 18 03:33:32 PM"
"431","LINESTRING (-122.468974695 37.786482586, -122.470043747 37.786437146)","5","8,018,000","27,609,000","10TH AVE","Inner Richmond","B","ST","LAKE ST","11TH AVE","94118","1","0.05859812","28th Avenue to Arguello Boulevard","Implemented","1","2020 Apr 30 05:00:00 PM","MTA","Non-local access","1","2021 Nov 23 04:11:01 PM","2024 Jan 18 03:33:32 PM"
"442","LINESTRING (-122.462546556 37.78676805, -122.463617943 37.78672158)","5","8,012,000","27,588,000","04TH AVE","Inner Richmond","B","ST","LAKE ST","05TH AVE","94118","1","0.05872935","28th Avenue to Arguello Boulevard","Implemented","1","2020 Apr 30 05:00:00 PM","MTA","Non-local access","1","2021 Nov 23 04:11:01 PM","2024 Jan 18 03:33:32 PM"
"449","LINESTRING (-122.465760339 37.786627327, -122.465921529 37.786608485, -122.466830335 37.786568136)","5","8,015,000","27,600,000","07TH AVE","Inner Richmond","B","ST","LAKE ST","08TH AVE","94118","1","0.05873878","28th Avenue to Arguello Boulevard","Implemented","1","2020 Apr 30 05:00:00 PM","MTA","Non-local access","1","2021 Nov 23 04:11:01 PM","2024 Jan 18 03:33:32 PM"
"3,842","LINESTRING (-122.450458195 37.777204617, -122.451346157 37.777090401)","5","6,285,000","26,459,000","KITTREDGE TER","Lone Mountain","B","AVE","GOLDEN GATE AVE","CHABOT TER","94118","1","0.04924257","Masonic to Parker","Implemented",,"2023 Feb 28 04:00:00 PM","MTA",,"1","2023 Apr 20 12:07:52 PM","2024 Jan 18 03:33:32 PM"
"2,600","LINESTRING (-122.443132454 37.776226036, -122.443321055 37.777164445)","5","8,559,000","26,370,000","FULTON ST","North Panhandle","B","ST","LYON ST","MCALLISTER ST","94117","1","0.06553826","Turk Street to Haight Street","Implemented","4","2021 Jul 06 05:00:00 PM","MTA","Non-local access","2","2021 Jul 07 04:22:50 PM","2024 Jan 18 03:33:32 PM"
"1,611","LINESTRING (-122.444119473 37.789457083, -122.445758037 37.789248416)","5","4,118,000","26,841,000","BAKER ST","Pacific Heights","B","ST","CLAY ST","LYON ST","94115","1","0.09083017","Arguello to Steiner","Implemented","3","2020 Oct 05 05:00:00 PM","MTA","Non-local access","2","2020 Oct 13 04:05:18 PM","2024 Jan 18 03:33:32 PM"
"1,610","LINESTRING (-122.445758037 37.789248416, -122.447148008 37.789071388)","5","4,119,000","26,848,000","LYON ST","Pacific Heights","B","ST","CLAY ST","PRESIDIO AVE","94115","1","0.07705037","Arguello to Steiner","Implemented","3","2020 Oct 05 05:00:00 PM","MTA","Non-local access","2","2020 Oct 13 04:05:18 PM","2024 Jan 18 03:33:32 PM"
"460","LINESTRING (-122.44350692 37.778089213, -122.445155753 37.777886507)","5","6,279,000","26,375,000","LYON ST","Western Addition","B","AVE","GOLDEN GATE AVE","CENTRAL AVE","94115","1","0.09133498","Masonic to Parker","Implemented","2","2020 Jun 09 05:00:00 PM","MTA","Non-local access","2","2023 Apr 20 12:00:31 PM","2024 Jan 18 03:33:32 PM"
"17","LINESTRING (-122.452055221 37.770312752, -122.453593183 37.770117077, -122.453726227 37.77009808)","5","10,188,000","26,435,000","SHRADER ST","Haight Ashbury","B","ST","PAGE ST","STANYAN ST","94117","1","0.0926736","Stanyan to Gough","Implemented","1","2020 Apr 30 05:00:00 PM","MTA","Non-local access","5","2020 Oct 13 04:05:18 PM","2024 Jan 18 03:33:32 PM"
"20","LINESTRING (-122.43556332 37.77241793, -122.437234932 37.772203713)","5","10,178,000","26,028,000","SCOTT ST","Western Addition","B","ST","PAGE ST","DIVISADERO ST","94117","1","0.09269755","Stanyan to Gough","Implemented","1","2020 Apr 30 05:00:00 PM","MTA","Non-local access","5","2020 Oct 13 04:05:19 PM","2024 Jan 18 03:33:32 PM"
"96","LINESTRING (-122.44054621 37.771779098, -122.442187879 37.771571038)","5","10,181,000","26,318,000","BAKER ST","Haight Ashbury","B","ST","PAGE ST","LYON ST","94117","1","0.09101249","Stanyan to Gough","Implemented","1","2020 Apr 30 05:00:00 PM","MTA","Non-local access","5","2020 Oct 13 04:05:18 PM","2024 Jan 18 03:33:32 PM"
"19","LINESTRING (-122.447122701 37.770934641, -122.448767914 37.770730884)","5","10,185,000","26,343,000","ASHBURY ST","Haight Ashbury","B","ST","PAGE ST","CLAYTON ST","94117","1","0.09115887","Stanyan to Gough","Implemented","1","2020 Apr 30 05:00:00 PM","MTA","Non-local access","5","2020 Oct 13 04:05:18 PM","2024 Jan 18 03:33:32 PM"
"2,567","LINESTRING (-122.448860456 37.730690189, -122.451140811 37.73068111)","5","6,866,000","22,231,000","FOERSTER ST","Sunnyside","B","AVE","HEARST AVE","GENNESSEE ST","94112","1","0.12490988","Ridgewood Avenue to Baden Street","Implemented","4","2021 Jul 26 05:00:00 PM","MTA","Non-local access","7","2021 Aug 03 11:50:20 AM","2024 Jan 18 03:33:32 PM"
"689","LINESTRING (-122.429116242 37.745960041, -122.429036672 37.745165388)","5","11,536,000","21,918,000","DUNCAN ST","Noe Valley","B","ST","SANCHEZ ST","28TH ST","94131","1","0.0549781","23rd St to 30th St","Implemented","2","2020 May 19 05:00:00 PM","MTA","Non-local access","8","2020 Oct 13 04:05:18 PM","2024 Jan 18 03:33:32 PM"
"684","LINESTRING (-122.429807778 37.753158475, -122.429731302 37.752362003)","5","11,527,000","25,655,000","23RD ST","Noe Valley","B","ST","SANCHEZ ST","ELIZABETH ST","94114","1","0.05509005","23rd St to 30th St","Implemented","2","2020 May 19 05:00:00 PM","MTA","Non-local access","8","2020 Oct 13 04:05:18 PM","2024 Jan 18 03:33:32 PM"
"748","LINESTRING (-122.409478166 37.731255097, -122.409043771 37.73020274)","5","11,966,000","20,908,000","SILVER AVE","Excelsior","B","ST","SOMERSET ST","SILLIMAN ST","94134","1","0.07637902","Silver to Woolsey","Implemented","2","2020 Jun 01 05:00:00 PM","MTA","Non-local access","9","2020 Oct 13 04:05:18 PM","2024 Jan 18 03:33:32 PM"
"3,530","LINESTRING (-122.416566641 37.755568278, -122.417658993 37.755502498)","5","1,189,000","24,081,000","SOUTH VAN NESS AVE","Inner Mission","B","ST","22ND ST","CAPP ST","94110","1","0.05998628","Bryant to Chattanooga","Planned",,,"MTA",,"9","2023 Mar 01 02:13:09 PM","2024 Jan 18 03:33:32 PM"
"3,523","LINESTRING (-122.409433069 37.755998442, -122.410373354 37.755941773)","5","1,182,000","23,971,000","BRYANT ST","Inner Mission","B","ST","22ND ST","FLORIDA ST","94110","1","0.0516355","Bryant to Chattanooga","Planned",,,"MTA",,"9","2023 Mar 01 02:13:09 PM","2024 Jan 18 03:33:32 PM"
"3,543","LINESTRING (-122.410758543 37.759133959, -122.411579841 37.759084056)","5","1,048,000","24,029,000","FLORIDA ST","Inner Mission","B","ST","20TH ST","ALABAMA ST","94110","1","0.04510159","Shotwell to Potrero","Implemented",,"2023 Feb 28 04:00:00 PM","MTA",,"9","2023 Apr 20 11:12:17 AM","2024 Jan 18 03:33:32 PM"
"663","LINESTRING (-122.416548538 37.766871472, -122.416387523 37.765249494)","5","11,833,000","24,338,000","15TH ST","The Mission","B","ST","SHOTWELL ST","16TH ST","94103","1","0.11221078","14th St to Cesar Chavez","Implemented","2","2020 May 19 05:00:00 PM","MTA","Non-local access","9","2020 Oct 13 04:05:18 PM","2024 Jan 18 03:33:32 PM"
"1,757","LINESTRING (-122.442551534 37.719620848, -122.443085531 37.719382879)","5","3,839,000","22,059,000","SENECA AVE","Outer Mission","B","AVE","CAYUGA AVE","NAVAJO AVE","94112","1","0.03354373","Naglee to Rousseau","Implemented","3","2023 Jul 31 05:00:00 PM","MTA","Non-local access","11","2023 Sep 20 03:06:06 PM","2024 Jan 18 03:33:32 PM"
"1,296","LINESTRING (-122.502434852 37.773603523, -122.503508219 37.773554325)","5","3,509,000","27,879,000","42ND AVE","Outer Richmond","B","ST","CABRILLO ST","43RD AVE","94121","1","0.05885853","23rd Ave to 45th Ave","Implemented","3","2020 Oct 20 05:00:00 PM","MTA","Non-local access","1","2023 Apr 28 02:29:50 PM","2024 Jan 18 03:33:32 PM"
"1,613","LINESTRING (-122.440805573 37.789872296, -122.442476421 37.789662961)","5","4,116,000","26,824,000","DIVISADERO ST","Pacific Heights","B","ST","CLAY ST","BRODERICK ST","94115","1","0.09258193","Arguello to Steiner","Implemented","3","2020 Oct 05 05:00:00 PM","MTA","Non-local access","2","2020 Oct 13 04:05:18 PM","2024 Jan 18 03:33:32 PM"
"458","LINESTRING (-122.441865641 37.778299554, -122.44350692 37.778089213)","5","6,278,000","26,359,000","BAKER ST","Western Addition","B","AVE","GOLDEN GATE AVE","LYON ST","94115","1","0.09100856","Masonic to Parker","Implemented","2","2020 Jun 09 05:00:00 PM","MTA","Non-local access","2, 5","2023 Apr 20 12:00:31 PM","2024 Jan 18 03:33:32 PM"
"1,617","LINESTRING (-122.447148008 37.789071388, -122.448835781 37.788856512)","5","4,120,000","26,850,000","PRESIDIO AVE","Presidio Heights","B","ST","CLAY ST","WALNUT ST","94118","1","0.09355781","Arguello to Steiner","Implemented","3","2020 Oct 05 05:00:00 PM","MTA","Non-local access","2","2020 Oct 13 04:05:18 PM","2024 Jan 18 03:33:32 PM"
"747","LINESTRING (-122.40655319 37.724194227, -122.406286973 37.723556947)","5","11,972,000","20,885,000","WOOLSEY ST","Excelsior","B","ST","SOMERSET ST","KAREN CT","94134","1","0.04630771","Silver to Woolsey","Implemented","2","2020 Jun 01 05:00:00 PM","MTA","Non-local access","9","2020 Oct 13 04:05:18 PM","2024 Jan 18 03:33:32 PM"
"1,737","LINESTRING (-122.433854274 37.730328184, -122.434218784 37.730227279)","5","3,824,000","21,790,000","BADGER ST","Outer Mission","B","AVE","CAYUGA AVE","GORHAM ST","94112","1","0.02114447","Naglee to Rousseau","Implemented","3","2023 Jul 31 05:00:00 PM","MTA","Non-local access","11","2023 Sep 20 03:06:06 PM","2024 Jan 18 03:33:32 PM"
"750","LINESTRING (-122.407056461 37.72539995, -122.40655319 37.724194227)","5","11,971,000","20,886,000","WAYLAND ST","Excelsior","B","ST","SOMERSET ST","WOOLSEY ST","94134","1","0.08760629","Silver to Woolsey","Implemented","2","2020 Jun 01 05:00:00 PM","MTA","Non-local access","9","2020 Oct 13 04:05:18 PM","2024 Jan 18 03:33:32 PM"
"650","LINESTRING (-122.482591529 37.780189472, -122.48245296 37.778262885)","5","1,214,000","27,541,000","GEARY BLVD","Outer Richmond","B","AVE","23RD AVE","ANZA ST","94121","1","0.13308875","Lake to Cabrillo","Implemented","2","2020 Jun 09 05:00:00 PM","MTA","Non-local access","1","2020 Oct 13 04:05:18 PM","2024 Jan 18 03:33:32 PM"
"3,551","LINESTRING (-122.447802195 37.777546207, -122.448683318 37.777432893)","5","6,282,000","26,391,000","ANNAPOLIS TER","Lone Mountain","B","AVE","GOLDEN GATE AVE","TAMALPAIS TER","94118","1","0.04886285","Masonic to Parker","Implemented",,"2023 Feb 28 04:00:00 PM","MTA",,"1","2023 Apr 20 12:07:52 PM","2024 Jan 18 03:33:32 PM"
"441","LINESTRING (-122.474382842 37.786238018, -122.475503914 37.786181462)","5","8,024,000","27,625,000","15TH AVE","Inner Richmond","B","ST","LAKE ST","16TH AVE","94118","1","0.06148561","28th Avenue to Arguello Boulevard","Implemented","1","2020 Apr 30 05:00:00 PM","MTA","Non-local access","1","2021 Nov 23 04:11:01 PM","2024 Jan 18 03:33:32 PM"
"446","LINESTRING (-122.478713573 37.78603127, -122.479785677 37.785982618)","5","8,028,000","27,637,000","19TH AVE","Outer Richmond","B","ST","LAKE ST","20TH AVE","94121","1","0.05877752","28th Avenue to Arguello Boulevard","Implemented","1","2020 Apr 30 05:00:00 PM","MTA","Non-local access","1","2021 Nov 23 04:11:01 PM","2024 Jan 18 03:33:32 PM"
"450","LINESTRING (-122.466830335 37.786568136, -122.466948648 37.786575772, -122.467898459 37.786533455)","5","8,016,000","27,601,000","08TH AVE","Inner Richmond","B","ST","LAKE ST","09TH AVE","94118","1","0.05856662","28th Avenue to Arguello Boulevard","Implemented","1","2020 Apr 30 05:00:00 PM","MTA","Non-local access","1","2021 Nov 23 04:11:01 PM","2024 Jan 18 03:33:32 PM"
"1,619","LINESTRING (-122.45541928 37.788018102, -122.457058054 37.787809344)","5","4,125,000","27,568,000","MAPLE ST","Presidio Heights","B","ST","CLAY ST","CHERRY ST","94118","1","0.09084423","Arguello to Steiner","Implemented","3","2020 Oct 05 05:00:00 PM","MTA","Non-local access","2","2020 Oct 13 04:05:18 PM","2024 Jan 18 03:33:32 PM"
"1,622","LINESTRING (-122.450480246 37.788647125, -122.452126437 37.788437494)","5","4,122,000","26,921,000","LAUREL ST","Presidio Heights","B","ST","CLAY ST","LOCUST ST","94118","1","0.09125385","Arguello to Steiner","Implemented","3","2020 Oct 05 05:00:00 PM","MTA","Non-local access","2","2020 Oct 13 04:05:18 PM","2024 Jan 18 03:33:32 PM"
"98","LINESTRING (-122.43228011 37.772829248, -122.433922188 37.772620311)","5","10,176,000","25,995,000","STEINER ST","Western Addition","B","ST","PAGE ST","PIERCE ST","94117","1","0.0910429","Stanyan to Gough","Implemented","1","2020 Apr 30 05:00:00 PM","MTA","Non-local access","5","2020 Oct 13 04:05:18 PM","2024 Jan 18 03:33:32 PM"
"3,846","LINESTRING (-122.398879207 37.782224235, -122.399349285 37.782595912)","5","8,117,000","24,580,000","RIZAL ST","Financial District South","B","ST","LAPU-LAPU ST","BONIFACIO ST","94107","1","0.03632042","Harrison Street to Folsom Street","Implemented","4","1899 Dec 29 04:00:13 PM",,,"6","2023 May 22 03:55:31 PM","2024 Jan 18 03:33:32 PM"
"2,564","LINESTRING (-122.469521965 37.763895944, -122.469391826 37.762034108)","5","528,000","27,171,000","IRVING ST","Inner Sunset","B","AVE","12TH AVE","JUDAH ST","94122","1","0.12860386","Lincoln Way to Lawton","Implemented","4","2021 Jul 19 05:00:00 PM","MTA","Non-local access","7","2023 Apr 20 11:36:44 AM","2024 Jan 18 03:33:32 PM"
"2,563","LINESTRING (-122.469391826 37.762034108, -122.469263156 37.760170586)","5","529,000","27,161,000","JUDAH ST","Inner Sunset","B","AVE","12TH AVE","KIRKHAM ST","94122","1","0.1287155","Lincoln Way to Lawton","Implemented","4","2021 Jul 19 05:00:00 PM","MTA","Non-local access","7","2023 Apr 20 11:36:44 AM","2024 Jan 18 03:33:32 PM"
"1,669","LINESTRING (-122.424502659 37.739860151, -122.424818964 37.739075515, -122.42487023 37.739011396)","5","2,447,000","21,839,000","RANDALL ST","Glen Park","B","ST","ARLINGTON ST","FAIRMOUNT ST","94131","1","0.0620578","Roanoke to Randall","Implemented","3","2020 Nov 29 04:00:00 PM","MTA","Non-local access","8","2020 Nov 30 03:25:20 PM","2024 Jan 18 03:33:32 PM"
"1,656","LINESTRING (-122.433572208 37.769178369, -122.433408259 37.767461583)","5","9,607,000","25,984,000","DUBOCE AVE","Castro/Upper Market","B","ST","NOE ST","14TH ST","94114","1","0.11874241","Duboce to 18th St","Implemented","3","2020 Sep 29 05:00:00 PM","MTA","Non-local access","8","2020 Oct 13 04:05:18 PM","2024 Jan 18 03:33:32 PM"
"688","LINESTRING (-122.429731302 37.752362003, -122.42965871 37.751570854)","5","11,528,000","25,654,000","ELIZABETH ST","Noe Valley","B","ST","SANCHEZ ST","24TH ST","94114","1","0.05470814","23rd St to 30th St","Implemented","2","2020 May 19 05:00:00 PM","MTA","Non-local access","8","2020 Oct 13 04:05:18 PM","2024 Jan 18 03:33:32 PM"
"3,545","LINESTRING (-122.41250093 37.759028146, -122.413599748 37.758961798)","5","1,050,000","24,035,000","HARRISON ST","Inner Mission","B","ST","20TH ST","TREAT AVE","94110","1","0.0603395","Shotwell to Potrero","Implemented",,"2023 Feb 28 04:00:00 PM","MTA",,"9","2023 Apr 20 11:12:17 AM","2024 Jan 18 03:33:32 PM"
"674","LINESTRING (-122.414861248 37.749237866, -122.414824139 37.748851184, -122.414975499 37.74878269, -122.414918963 37.748230731)","5","11,844,000","21,293,000","26TH ST","The Mission","B","ST","SHOTWELL ST","CESAR CHAVEZ ST","94110","1","0.07447908","14th St to Cesar Chavez","Implemented","2","2020 May 19 05:00:00 PM","MTA","Non-local access","9","2020 Oct 13 04:05:18 PM","2024 Jan 18 03:33:32 PM"
"665","LINESTRING (-122.415473275 37.755634108, -122.415320139 37.754033534)","5","11,840,000","24,078,000","22ND ST","The Mission","B","ST","SHOTWELL ST","23RD ST","94110","1","0.1107056","14th St to Cesar Chavez","Implemented","2","2020 May 19 05:00:00 PM","MTA","Non-local access","9","2020 Oct 13 04:05:18 PM","2024 Jan 18 03:33:32 PM"
"664","LINESTRING (-122.415320139 37.754033534, -122.415172289 37.752439645)","5","11,841,000","24,065,000","23RD ST","The Mission","B","ST","SHOTWELL ST","24TH ST","94110","1","0.11022423","14th St to Cesar Chavez","Implemented","2","2020 May 19 05:00:00 PM","MTA","Non-local access","9","2020 Oct 13 04:05:18 PM","2024 Jan 18 03:33:32 PM"
"3,525","LINESTRING (-122.41127262 37.755887569, -122.412197892 37.755832511)","5","1,184,000","23,993,000","ALABAMA ST","Inner Mission","B","ST","22ND ST","HARRISON ST","94110","1","0.05080747","Bryant to Chattanooga","Planned",,,"MTA",,"9","2023 Mar 01 02:13:09 PM","2024 Jan 18 03:33:32 PM"
"3,524","LINESTRING (-122.410373354 37.755941773, -122.41127262 37.755887569)","5","1,183,000","23,992,000","FLORIDA ST","Inner Mission","B","ST","22ND ST","ALABAMA ST","94110","1","0.04938302","Bryant to Chattanooga","Planned",,,"MTA",,"9","2023 Mar 01 02:13:09 PM","2024 Jan 18 03:33:32 PM"
"666","LINESTRING (-122.415626197 37.757232409, -122.415473275 37.755634108)","5","11,839,000","24,080,000","21ST ST","The Mission","B","ST","SHOTWELL ST","22ND ST","94110","1","0.11054842","14th St to Cesar Chavez","Implemented","2","2020 May 19 05:00:00 PM","MTA","Non-local access","9","2020 Oct 13 04:05:18 PM","2024 Jan 18 03:33:32 PM"
"1,715","LINESTRING (-122.390817277 37.764200764, -122.390698494 37.762925747)","5","9,053,000","23,652,000","MARIPOSA ST","Potrero Hill","B","ST","MINNESOTA ST","18TH ST","94107","1","0.08817504","Mariposa to 22nd St","Implemented","3","2020 Oct 05 05:00:00 PM","MTA","Non-local access","10","2020 Oct 13 04:05:18 PM","2024 Jan 18 03:33:32 PM"
"1,739","LINESTRING (-122.430578486 37.731234944, -122.431392972 37.731009499)","5","3,820,000","21,782,000","ROTTECK ST","Outer Mission","B","AVE","CAYUGA AVE","LYELL ST","94112","1","0.04724561","Naglee to Rousseau","Implemented","3","2023 Jul 31 05:00:00 PM","MTA","Non-local access","11","2023 Sep 20 03:06:06 PM","2024 Jan 18 03:33:32 PM"
"1,746","LINESTRING (-122.446944516 37.716186891, -122.447510303 37.715741874)","5","3,846,000","21,529,000","OTTAWA AVE","Outer Mission","B","AVE","CAYUGA AVE","ROME ST","94112","1","0.0436213","Naglee to Rousseau","Implemented","3","2023 Jul 31 05:00:00 PM","MTA","Non-local access","11","2023 Sep 20 03:06:06 PM","2024 Jan 18 03:33:32 PM"
"1,735","LINESTRING (-122.437933627 37.725094456, -122.438272434 37.724469324, -122.438684008 37.723809325)","5","3,830,000","21,800,000","SAN JUAN AVE","Outer Mission","B","AVE","CAYUGA AVE","SANTA YNEZ AVE","94112","1","0.09773488","Naglee to Rousseau","Implemented","3","2023 Jul 31 05:00:00 PM","MTA","Non-local access","11","2023 Sep 20 03:06:06 PM","2024 Jan 18 03:33:32 PM"
"1,733","LINESTRING (-122.438808574 37.723601276, -122.439350074 37.722733433)","5","3,832,000","21,758,000","OCEAN AVE","Outer Mission","B","AVE","CAYUGA AVE","VALERTON CT","94112","1","0.06680042","Naglee to Rousseau","Implemented","3","2023 Jul 31 05:00:00 PM","MTA","Non-local access","11","2023 Sep 20 03:06:06 PM","2024 Jan 18 03:33:32 PM"
"189","LINESTRING (-122.422407117 37.774084975, -122.423947061 37.773889238)","5","10,170,000","24,456,000","GOUGH ST","Western Addition","B","ST","PAGE ST","OCTAVIA ST","94102","1","0.08537657","Stanyan to Gough","Implemented","1","2020 Apr 30 05:00:00 PM","MTA","Non-local access","6","2020 Oct 13 04:05:18 PM","2024 Jan 18 03:33:32 PM"
"690","LINESTRING (-122.428805595 37.742764288, -122.428728579 37.741963991)","5","11,540,000","21,909,000","DAY ST","Noe Valley","B","ST","SANCHEZ ST","30TH ST","94131","1","0.05535528","23rd St to 30th St","Implemented","2","2020 May 19 05:00:00 PM","MTA","Non-local access","8","2020 Oct 13 04:05:18 PM","2024 Jan 18 03:33:32 PM"
"3,533","LINESTRING (-122.419857943 37.75536573, -122.420964093 37.755294783)","5","1,192,000","24,112,000","BARTLETT ST","Inner Mission","B","ST","22ND ST","VALENCIA ST","94110","1","0.06076751","Bryant to Chattanooga","Planned",,,"MTA",,"9","2023 Mar 01 02:13:09 PM","2024 Jan 18 03:33:32 PM"
"749","LINESTRING (-122.408548511 37.729002898, -122.408051888 37.727799712)","5","11,968,000","20,900,000","FELTON ST","Excelsior","B","ST","SOMERSET ST","BURROWS ST","94134","1","0.08732573","Silver to Woolsey","Implemented","2","2020 Jun 01 05:00:00 PM","MTA","Non-local access","9","2020 Oct 13 04:05:19 PM","2024 Jan 18 03:33:32 PM"
"1,753","LINESTRING (-122.43574963 37.728670911, -122.43637197 37.727964143, -122.436805493 37.72716839)","5","3,828,000","21,798,000","COTTER ST","Outer Mission","B","AVE","CAYUGA AVE","SANTA ROSA AVE","94112","1","0.11928039","Naglee to Rousseau","Implemented","3","2023 Jul 31 05:00:00 PM","MTA","Non-local access","11","2023 Sep 20 03:06:06 PM","2024 Jan 18 03:33:32 PM"
"1,762","LINESTRING (-122.448076448 37.715296568, -122.44874245 37.714772706)","5","3,848,000","21,565,000","FOOTE AVE","Outer Mission","B","AVE","CAYUGA AVE","MODOC AVE","94112","1","0.05134908","Naglee to Rousseau","Implemented","3","2023 Jul 31 05:00:00 PM","MTA","Non-local access","11","2023 Sep 20 03:06:06 PM","2024 Jan 18 03:33:32 PM"
"1,744","LINESTRING (-122.44874245 37.714772706, -122.449405635 37.714251052)","5","3,849,000","21,566,000","MODOC AVE","Outer Mission","B","AVE","CAYUGA AVE","NAGLEE AVE","94112","1","0.05113245","Naglee to Rousseau","Implemented","3","2023 Jul 31 05:00:00 PM","MTA","Non-local access","11","2023 Sep 20 03:06:06 PM","2024 Jan 18 03:33:32 PM"
"429","LINESTRING (-122.464693461 37.786670438, -122.465760339 37.786627327)","5","8,014,000","27,598,000","06TH AVE","Inner Richmond","B","ST","LAKE ST","07TH AVE","94118","1","0.05847076","28th Avenue to Arguello Boulevard","Implemented","1","2020 Apr 30 05:00:00 PM","MTA","Non-local access","1","2021 Nov 23 04:11:01 PM","2024 Jan 18 03:33:32 PM"
"430","LINESTRING (-122.488140379 37.785611775, -122.488200689 37.785534691, -122.488316398 37.785329315, -122.488324815 37.785205583)","5","8,037,000","28,020,000","28TH AVE","Seacliff","B","ST","LAKE ST","28TH AVE","94121","1","0.0303196","28th Avenue to Arguello Boulevard","Implemented","1","2020 Apr 30 05:00:00 PM","MTA","Non-local access","1","2021 Nov 23 04:11:01 PM","2024 Jan 18 03:33:32 PM"
"3,550","LINESTRING (-122.44684647 37.777669109, -122.447802195 37.777546207)","5","6,281,000","26,383,000","MASONIC AVE","Lone Mountain","B","AVE","GOLDEN GATE AVE","ANNAPOLIS TER","94118","1","0.05299977","Masonic to Parker","Implemented",,"2023 Feb 28 04:00:00 PM","MTA",,"1","2023 Apr 20 12:07:52 PM","2024 Jan 18 03:33:32 PM"
"434","LINESTRING (-122.479785677 37.785982618, -122.4808601 37.785933963)","5","8,029,000","27,638,000","20TH AVE","Outer Richmond","B","ST","LAKE ST","21ST AVE","94121","1","0.05890429","28th Avenue to Arguello Boulevard","Implemented","1","2020 Apr 30 05:00:00 PM","MTA","Non-local access","1","2021 Nov 23 04:11:01 PM","2024 Jan 18 03:33:32 PM"
"3,843","LINESTRING (-122.482183772 37.774534489, -122.483254696 37.774485588)","5","3,490,000","27,514,000","23RD AVE","Central Richmond","B","ST","CABRILLO ST","24TH AVE","94121","1","0.05872308","23rd Ave to 45th Ave","Implemented","3","2023 Dec 05 04:00:00 PM","MTA",,"1","2023 Apr 28 02:33:11 PM","2024 Jan 18 03:33:32 PM"
"1,293","LINESTRING (-122.485296901 37.774387725, -122.486368282 37.774338773)","5","3,493,000","27,522,000","26TH AVE","Outer Richmond","B","ST","CABRILLO ST","27TH AVE","94121","1","0.05874838","23rd Ave to 45th Ave","Implemented","3","2020 Oct 20 05:00:00 PM","MTA","Non-local access","1","2023 Apr 28 02:29:50 PM","2024 Jan 18 03:33:32 PM"
"1,602","LINESTRING (-122.500285955 37.773701991, -122.501362356 37.773652673)","5","3,507,000","27,873,000","40TH AVE","Outer Richmond","B","ST","CABRILLO ST","41ST AVE","94121","1","0.05902474","23rd Ave to 45th Ave","Implemented","3","2020 Oct 20 05:00:00 PM","MTA","Non-local access","1","2023 Apr 28 02:29:50 PM","2024 Jan 18 03:33:32 PM"
"1,290","LINESTRING (-122.488505758 37.774241084, -122.489579477 37.774191997)","5","3,496,000","27,812,000","29TH AVE","Outer Richmond","B","ST","CABRILLO ST","30TH AVE","94121","1","0.05887681","23rd Ave to 45th Ave","Implemented","3","2020 Oct 20 05:00:00 PM","MTA","Non-local access","1","2023 Apr 28 02:29:50 PM","2024 Jan 18 03:33:32 PM"
"641","LINESTRING (-122.44350692 37.778089213, -122.445155753 37.777886507)","5","6,279,000","26,375,000",,"Western Addition","B","AVE","GOLDEN GATE AVE",,"94115","1","0.09133498","Masonic to Parker","Implemented","2","2020 Jun 09 05:00:00 PM","MTA","Non-local access","2","2023 Apr 20 12:00:31 PM","2024 Jan 18 03:33:32 PM"
"2,598","LINESTRING (-122.44350692 37.778089213, -122.44369911 37.779038019)","5","8,561,000","26,375,000","GOLDEN GATE AVE","North Panhandle","B","ST","LYON ST","TURK BLVD","94115","1","0.06627735","Turk Street to Haight Street","Implemented","4","2021 Jul 06 05:00:00 PM","MTA","Non-local access","2","2021 Jul 07 04:22:50 PM","2024 Jan 18 03:33:32 PM"
"1,620","LINESTRING (-122.453768965 37.788228306, -122.45541928 37.788018102)","5","4,124,000","26,946,000","SPRUCE ST","Presidio Heights","B","ST","CLAY ST","MAPLE ST","94118","1","0.09148348","Arguello to Steiner","Implemented","3","2020 Oct 05 05:00:00 PM","MTA","Non-local access","2","2020 Oct 13 04:05:18 PM","2024 Jan 18 03:33:32 PM"
"110","LINESTRING (-122.42570021 37.77366623, -122.427357436 37.773455462)","5","10,172,000","25,908,000","LAGUNA ST","Western Addition","B","ST","PAGE ST","BUCHANAN ST","94102","1","0.0918807","Stanyan to Gough","Implemented","1","2020 Apr 30 05:00:00 PM","MTA","Non-local access","5","2020 Oct 13 04:05:18 PM","2024 Jan 18 03:33:32 PM"
"1,665","LINESTRING (-122.427155508 37.736684951, -122.428429228 37.735857451)","5","2,451,000","21,855,000","MIGUEL ST","Glen Park","B","ST","ARLINGTON ST","MATEO ST","94131","1","0.09013336","Roanoke to Randall","Implemented","3","2020 Nov 29 04:00:00 PM","MTA","Non-local access","8","2020 Nov 30 03:25:20 PM","2024 Jan 18 03:33:32 PM"
"1,667","LINESTRING (-122.425277591 37.738209207, -122.425510251 37.737753779)","5","2,449,000","21,844,000","CHARLES ST","Glen Park","B","ST","ARLINGTON ST","HIGHLAND AVE","94131","1","0.03389611","Roanoke to Randall","Implemented","3","2020 Nov 29 04:00:00 PM","MTA","Non-local access","8","2020 Nov 30 03:25:20 PM","2024 Jan 18 03:33:32 PM"
"1,671","LINESTRING (-122.428429228 37.735857451, -122.428993988 37.73548526)","5","2,452,000","21,856,000","MATEO ST","Glen Park","B","ST","ARLINGTON ST","SAINT MARY'S AVE","94131","1","0.04019646","Roanoke to Randall","Implemented","3","2020 Nov 29 04:00:00 PM","MTA","Non-local access","8","2020 Nov 30 03:25:20 PM","2024 Jan 18 03:33:32 PM"
"692","LINESTRING (-122.429193199 37.746762928, -122.429154542 37.746359627, -122.429116242 37.745960041)","5","11,535,000","21,920,000","27TH ST","Noe Valley","B","ST","SANCHEZ ST","DUNCAN ST","94131","1","0.05553317","23rd St to 30th St","Implemented","2","2020 May 19 05:00:00 PM","MTA","Non-local access","8","2020 Oct 13 04:05:18 PM","2024 Jan 18 03:33:32 PM"
"744","LINESTRING (-122.408051888 37.727799712, -122.407556405 37.726599246)","5","11,969,000","20,892,000","BURROWS ST","Excelsior","B","ST","SOMERSET ST","BACON ST","94134","1","0.08712814","Silver to Woolsey","Implemented","2","2020 Jun 01 05:00:00 PM","MTA","Non-local access","9","2020 Oct 13 04:05:18 PM","2024 Jan 18 03:33:32 PM"
"1,763","LINESTRING (-122.445807538 37.717080229, -122.446944516 37.716186891)","5","3,845,000","22,091,000","MOUNT VERNON AVE","Outer Mission","B","AVE","CAYUGA AVE","OTTAWA AVE","94112","1","0.08761294","Naglee to Rousseau","Implemented","3","2023 Jul 31 05:00:00 PM","MTA","Non-local access","11","2023 Sep 20 03:06:06 PM","2024 Jan 18 03:33:32 PM"
"1,761","LINESTRING (-122.449405635 37.714251052, -122.449823254 37.71392255)","0","3,850,000","0","NAGLEE AVE","Outer Mission",,,"CAYUGA AVE","END: 1800-1899 BLOCK","94112","1","0.03219944","Naglee to Rousseau","Implemented","3","2023 Jul 31 05:00:00 PM","MTA","Non-local access","11","2023 Sep 20 03:06:06 PM","2024 Jan 18 03:33:32 PM"
"1,738","LINESTRING (-122.431392972 37.731009499, -122.432220515 37.730780434)","5","3,821,000","21,784,000","LYELL ST","Outer Mission","B","AVE","CAYUGA AVE","DANTON ST","94112","1","0.04800327","Naglee to Rousseau","Implemented","3","2023 Jul 31 05:00:00 PM","MTA","Non-local access","11","2023 Sep 20 03:06:06 PM","2024 Jan 18 03:33:32 PM"
"461","LINESTRING (-122.445155753 37.777886507, -122.44684647 37.777669109)","5","6,280,000","26,384,000","CENTRAL AVE","Western Addition","B","AVE","GOLDEN GATE AVE","MASONIC AVE","94118","1","0.09375834","Masonic to Parker","Implemented","2","2020 Jun 09 05:00:00 PM","MTA","Non-local access","1, 2","2023 Apr 20 12:00:31 PM","2024 Jan 18 03:33:32 PM"
"686","LINESTRING (-122.429270027 37.747564467, -122.429193199 37.746762928)","5","11,534,000","21,921,000","CESAR CHAVEZ ST","Noe Valley","B","ST","SANCHEZ ST","27TH ST","94131","1","0.05543994","23rd St to 30th St","Implemented","2","2020 May 19 05:00:00 PM","MTA","Non-local access","8","2020 Oct 13 04:05:18 PM","2024 Jan 18 03:33:32 PM"
"3,522","LINESTRING (-122.42545718 37.755029079, -122.426634008 37.754962268)","5","1,199,000","25,631,000","DOLORES ST","Noe Valley","B","ST","22ND ST","CHATTANOOGA ST","94114","1","0.06460517","Bryant to Chattanooga","Planned",,,"MTA",,"8","2023 Mar 01 02:13:09 PM","2024 Jan 18 03:33:32 PM"
"671","LINESTRING (-122.416077986 37.762034002, -122.415928746 37.760433261)","5","11,836,000","24,127,000","18TH ST","The Mission","B","ST","SHOTWELL ST","19TH ST","94110","1","0.1107012","14th St to Cesar Chavez","Implemented","2","2020 May 19 05:00:00 PM","MTA","Non-local access","9","2020 Oct 13 04:05:18 PM","2024 Jan 18 03:33:32 PM"
"3,539","LINESTRING (-122.406946874 37.759365489, -122.407940025 37.759305174)","5","1,044,000","24,001,000","POTRERO AVE","Inner Mission","B","ST","20TH ST","HAMPSHIRE ST","94110","1","0.05453857","Shotwell to Potrero","Implemented",,"2023 Feb 28 04:00:00 PM","MTA",,"9, 10","2023 Apr 20 11:12:17 AM","2024 Jan 18 03:33:32 PM"
"669","LINESTRING (-122.415779298 37.758830232, -122.415626197 37.757232409)","5","11,838,000","24,124,000","20TH ST","The Mission","B","ST","SHOTWELL ST","21ST ST","94110","1","0.1105163","14th St to Cesar Chavez","Implemented","2","2020 May 19 05:00:00 PM","MTA","Non-local access","9","2020 Oct 13 04:05:18 PM","2024 Jan 18 03:33:32 PM"
"1,755","LINESTRING (-122.434676737 37.729889314, -122.435195772 37.729299892)","5","3,826,000","21,805,000","TINGLEY ST","Outer Mission","B","AVE","CAYUGA AVE","THERESA ST","94112","1","0.04960652","Naglee to Rousseau","Implemented","3","2023 Jul 31 05:00:00 PM","MTA","Non-local access","11","2023 Sep 20 03:06:06 PM","2024 Jan 18 03:33:32 PM"
"448","LINESTRING (-122.486223795 37.785697129, -122.487286365 37.785648841)","5","8,035,000","27,658,000","26TH AVE","Outer Richmond","B","ST","LAKE ST","27TH AVE","94121","1","0.05825536","28th Avenue to Arguello Boulevard","Implemented","1","2020 Apr 30 05:00:00 PM","MTA","Non-local access","1","2021 Nov 23 04:11:01 PM","2024 Jan 18 03:33:32 PM"
"447","LINESTRING (-122.47262579 37.786314806, -122.473255083 37.786288101)","5","8,022,000","27,628,000","PARK PRESIDIO BLVD","Inner Richmond","B","ST","LAKE ST","14TH AVE","94118","1","0.03449345","28th Avenue to Arguello Boulevard","Implemented","1","2020 Apr 30 05:00:00 PM","MTA","Non-local access","1","2021 Nov 23 04:11:01 PM","2024 Jan 18 03:33:32 PM"
"3,549","LINESTRING (-122.452233766 37.776976223, -122.453188328 37.776853426)","5","6,287,000","26,474,000","TEMESCAL TER","Lone Mountain","B","AVE","GOLDEN GATE AVE","PARKER AVE","94118","1","0.05293625","Masonic to Parker","Implemented",,"2023 Feb 28 04:00:00 PM","MTA",,"1","2023 Apr 20 12:07:52 PM","2024 Jan 18 03:33:32 PM"
"1,292","LINESTRING (-122.486368282 37.774338773, -122.487433564 37.774290092)","5","3,494,000","27,526,000","27TH AVE","Outer Richmond","B","ST","CABRILLO ST","28TH AVE","94121","1","0.05841402","23rd Ave to 45th Ave","Implemented","3","2020 Oct 20 05:00:00 PM","MTA","Non-local access","1","2023 Apr 28 02:29:50 PM","2024 Jan 18 03:33:32 PM"
"436","LINESTRING (-122.463617943 37.78672158, -122.464693461 37.786670438)","5","8,013,000","27,595,000","05TH AVE","Inner Richmond","B","ST","LAKE ST","06TH AVE","94118","1","0.05897355","28th Avenue to Arguello Boulevard","Implemented","1","2020 Apr 30 05:00:00 PM","MTA","Non-local access","1","2021 Nov 23 04:11:01 PM","2024 Jan 18 03:33:32 PM"
"133","LINESTRING (-122.445535278 37.771141934, -122.447122701 37.770934641)","5","10,184,000","26,344,000","MASONIC AVE","Haight Ashbury","B","ST","PAGE ST","ASHBURY ST","94117","1","0.08807328","Stanyan to Gough","Implemented","1","2020 Apr 30 05:00:00 PM","MTA","Non-local access","5","2020 Oct 13 04:05:18 PM","2024 Jan 18 03:33:32 PM"
"187","LINESTRING (-122.448767914 37.770730884, -122.450407506 37.770519318)","5","10,186,000","26,415,000","CLAYTON ST","Haight Ashbury","B","ST","PAGE ST","COLE ST","94117","1","0.09093994","Stanyan to Gough","Implemented","1","2020 Apr 30 05:00:00 PM","MTA","Non-local access","5","2020 Oct 13 04:05:18 PM","2024 Jan 18 03:33:32 PM"
"1","LINESTRING (-122.442187879 37.771571038, -122.443836149 37.771358114)","5","10,182,000","26,325,000","LYON ST","Haight Ashbury","B","ST","PAGE ST","CENTRAL AVE","94117","1","0.0914229","Stanyan to Gough","Implemented","1","2020 Apr 30 05:00:00 PM","MTA","Non-local access","5","2020 Oct 13 04:05:18 PM","2024 Jan 18 03:33:32 PM"
"101","LINESTRING (-122.427357436 37.773455462, -122.428990052 37.773247801)","5","10,173,000","25,903,000","BUCHANAN ST","Western Addition","B","ST","PAGE ST","WEBSTER ST","94102","1","0.09051676","Stanyan to Gough","Implemented","1","2020 Apr 30 05:00:00 PM","MTA","Non-local access","5","2020 Oct 13 04:05:18 PM","2024 Jan 18 03:33:32 PM"
"3,848","LINESTRING (-122.398341107 37.781798768, -122.398879207 37.782224235)","5","8,116,000","24,579,000","HARRISON ST","Financial District South","B","ST","LAPU-LAPU ST","RIZAL ST","94107","1","0.04157657","Harrison Street to Folsom Street","Implemented","4","1899 Dec 29 04:00:13 PM",,,"6","2023 May 22 03:55:31 PM","2024 Jan 18 03:33:32 PM"
"2,591","LINESTRING (-122.451140811 37.73068111, -122.453408561 37.730672036)","5","6,867,000","22,244,000","GENNESSEE ST","Sunnyside","B","AVE","HEARST AVE","RIDGEWOOD AVE","94112","1","0.12421946","Ridgewood Avenue to Baden Street","Implemented","4","2021 Jul 26 05:00:00 PM","MTA","Non-local access","7","2021 Aug 03 11:50:20 AM","2024 Jan 18 03:33:32 PM"
"687","LINESTRING (-122.429346499 37.748362264, -122.429270027 37.747564467)","5","11,533,000","21,922,000","26TH ST","Noe Valley","B","ST","SANCHEZ ST","CESAR CHAVEZ ST","94131","1","0.05518113","23rd St to 30th St","Implemented","2","2020 May 19 05:00:00 PM","MTA","Non-local access","8","2020 Oct 13 04:05:18 PM","2024 Jan 18 03:33:32 PM"
"681","LINESTRING (-122.429036672 37.745165388, -122.428959473 37.74436324)","5","11,537,000","21,913,000","28TH ST","Noe Valley","B","ST","SANCHEZ ST","VALLEY ST","94131","1","0.05548335","23rd St to 30th St","Implemented","2","2020 May 19 05:00:00 PM","MTA","Non-local access","8","2020 Oct 13 04:05:18 PM","2024 Jan 18 03:33:32 PM"
"662","LINESTRING (-122.415014331 37.750836982, -122.414861248 37.749237866)","5","11,843,000","24,059,000","25TH ST","The Mission","B","ST","SHOTWELL ST","26TH ST","94110","1","0.11060507","14th St to Cesar Chavez","Implemented","2","2020 May 19 05:00:00 PM","MTA","Non-local access","9","2020 Oct 13 04:05:18 PM","2024 Jan 18 03:33:32 PM"
"3,542","LINESTRING (-122.409770121 37.75919401, -122.410758543 37.759133959)","5","1,047,000","24,008,000","BRYANT ST","Inner Mission","B","ST","20TH ST","FLORIDA ST","94110","1","0.05427913","Shotwell to Potrero","Implemented",,"2023 Feb 28 04:00:00 PM","MTA",,"9","2023 Apr 20 11:12:17 AM","2024 Jan 18 03:33:32 PM"
"3,531","LINESTRING (-122.417658993 37.755502498, -122.418747574 37.755436937)","5","1,190,000","24,082,000","CAPP ST","Inner Mission","B","ST","22ND ST","MISSION ST","94110","1","0.05977929","Bryant to Chattanooga","Planned",,,"MTA",,"9","2023 Mar 01 02:13:09 PM","2024 Jan 18 03:33:32 PM"
"3,540","LINESTRING (-122.407940025 37.759305174, -122.408903725 37.759246641)","5","1,045,000","24,002,000","HAMPSHIRE ST","Inner Mission","B","ST","20TH ST","YORK ST","94110","1","0.05292136","Shotwell to Potrero","Implemented",,"2023 Feb 28 04:00:00 PM","MTA",,"9","2023 Apr 20 11:12:17 AM","2024 Jan 18 03:33:32 PM"
"1,717","LINESTRING (-122.390454252 37.760424346, -122.390210086 37.757825861)","5","9,056,000","23,644,000","20TH ST","Potrero Hill","B","ST","MINNESOTA ST","22ND ST","94107","1","0.17970914","Mariposa to 22nd St","Implemented","3","2020 Oct 05 05:00:00 PM","MTA","Non-local access","10","2020 Oct 13 04:05:19 PM","2024 Jan 18 03:33:32 PM"
"1,745","LINESTRING (-122.447510303 37.715741874, -122.448076448 37.715296568)","5","3,847,000","21,564,000","ROME ST","Outer Mission","B","AVE","CAYUGA AVE","FOOTE AVE","94112","1","0.04364939","Naglee to Rousseau","Implemented","3","2023 Jul 31 05:00:00 PM","MTA","Non-local access","11","2023 Sep 20 03:06:06 PM","2024 Jan 18 03:33:32 PM"
"1,764","LINESTRING (-122.445246154 37.717521261, -122.445807538 37.717080229)","5","3,844,000","22,092,000","SHAWNEE AVE","Outer Mission","B","AVE","CAYUGA AVE","MOUNT VERNON AVE","94112","1","0.04325614","Naglee to Rousseau","Implemented","3","2023 Jul 31 05:00:00 PM","MTA","Non-local access","11","2023 Sep 20 03:06:06 PM","2024 Jan 18 03:33:32 PM"
"1,748","LINESTRING (-122.444190955 37.718470082, -122.44470621 37.717995411)","5","3,842,000","22,090,000","SEMINOLE AVE","Outer Mission","B","AVE","CAYUGA AVE","NIAGARA AVE","94112","1","0.04322641","Naglee to Rousseau","Implemented","3","2023 Jul 31 05:00:00 PM","MTA","Non-local access","11","2023 Sep 20 03:06:06 PM","2024 Jan 18 03:33:32 PM"
"1,756","LINESTRING (-122.443085531 37.719382879, -122.443696073 37.718928673)","5","3,840,000","22,089,000","NAVAJO AVE","Outer Mission","B","AVE","CAYUGA AVE","GENEVA AVE","94112","1","0.04582628","Naglee to Rousseau","Implemented","3","2023 Jul 31 05:00:00 PM","MTA","Non-local access","11","2023 Sep 20 03:06:06 PM","2024 Jan 18 03:33:32 PM"
"1,736","LINESTRING (-122.434218784 37.730227279, -122.434472333 37.730117313, -122.434676737 37.729889314)","5","3,825,000","33,384,000","GORHAM ST","Outer Mission","B","AVE","CAYUGA AVE","TINGLEY ST","94112","1","0.03512761","Naglee to Rousseau","Implemented","3","2023 Jul 31 05:00:00 PM","MTA","Non-local access","11","2023 Sep 20 03:06:06 PM","2024 Jan 18 03:33:32 PM"
"1,754","LINESTRING (-122.435195772 37.729299892, -122.43574963 37.728670911)","5","3,827,000","21,804,000","THERESA ST","Outer Mission","B","AVE","CAYUGA AVE","COTTER ST","94112","1","0.05293562","Naglee to Rousseau","Implemented","3","2023 Jul 31 05:00:00 PM","MTA","Non-local access","11","2023 Sep 20 03:06:06 PM","2024 Jan 18 03:33:32 PM"
"1,285","LINESTRING (-122.496014994 37.773897578, -122.497082371 37.773848713)","5","3,503,000","27,831,000","36TH AVE","Outer Richmond","B","ST","CABRILLO ST","37TH AVE","94121","1","0.05852959","23rd Ave to 45th Ave","Implemented","3","2020 Oct 20 05:00:00 PM","MTA","Non-local access","1","2023 Apr 28 02:29:50 PM","2024 Jan 18 03:33:32 PM"
"1,666","LINESTRING (-122.425510251 37.737753779, -122.427155508 37.736684951)","5","2,450,000","21,832,000","HIGHLAND AVE","Glen Park","B","ST","ARLINGTON ST","MIGUEL ST","94131","1","0.11642173","Roanoke to Randall","Implemented","3","2020 Nov 29 04:00:00 PM","MTA","Non-local access","8","2020 Nov 30 03:25:20 PM","2024 Jan 18 03:33:32 PM"
"1,758","LINESTRING (-122.441400989 37.719865362, -122.442551534 37.719620848)","5","3,838,000","22,055,000","JUNIOR TER","Outer Mission","B","AVE","CAYUGA AVE","SENECA AVE","94112","1","0.06524816","Naglee to Rousseau","Implemented","3","2023 Jul 31 05:00:00 PM","MTA","Non-local access","11","2023 Sep 20 03:06:06 PM","2024 Jan 18 03:33:32 PM"
"1,603","LINESTRING (-122.499218503 37.773750889, -122.500285955 37.773701991)","5","3,506,000","27,867,000","39TH AVE","Outer Richmond","B","ST","CABRILLO ST","40TH AVE","94121","1","0.05853394","23rd Ave to 45th Ave","Implemented","3","2020 Oct 20 05:00:00 PM","MTA","Non-local access","1","2023 Apr 28 02:29:50 PM","2024 Jan 18 03:33:32 PM"
"1,608","LINESTRING (-122.503508219 37.773554325, -122.504579894 37.773505194)","5","3,510,000","27,882,000","43RD AVE","Outer Richmond","B","ST","CABRILLO ST","44TH AVE","94121","1","0.05876583","23rd Ave to 45th Ave","Implemented","3","2020 Oct 20 05:00:00 PM","MTA","Non-local access","1","2023 Apr 28 02:29:50 PM","2024 Jan 18 03:33:32 PM"
"456","LINESTRING (-122.472185339 37.786333496, -122.47262579 37.786314806)","5","8,021,000","27,627,000","FUNSTON AVE","Inner Richmond","B","ST","LAKE ST","PARK PRESIDIO BLVD","94118","1","0.02414244","28th Avenue to Arguello Boulevard","Implemented","1","2020 Apr 30 05:00:00 PM","MTA","Non-local access","1","2021 Nov 23 04:11:01 PM","2024 Jan 18 03:33:32 PM"
"3,552","LINESTRING (-122.448683318 37.777432893, -122.449570826 37.777318749)","5","6,283,000","26,455,000","TAMALPAIS TER","Lone Mountain","B","AVE","GOLDEN GATE AVE","ROSELYN TER","94118","1","0.0492171","Masonic to Parker","Implemented",,"2023 Feb 28 04:00:00 PM","MTA",,"1","2023 Apr 20 12:07:52 PM","2024 Jan 18 03:33:32 PM"
"1,288","LINESTRING (-122.491723389 37.774093954, -122.492802443 37.774044593)","5","3,499,000","27,818,000","32ND AVE","Outer Richmond","B","ST","CABRILLO ST","33RD AVE","94121","1","0.05916959","23rd Ave to 45th Ave","Implemented","3","2020 Oct 20 05:00:00 PM","MTA","Non-local access","1","2023 Apr 28 02:29:50 PM","2024 Jan 18 03:33:32 PM"
"651","LINESTRING (-122.482735197 37.782121759, -122.482591529 37.780189472)","5","1,213,000","27,543,000","CLEMENT ST","Outer Richmond","B","AVE","23RD AVE","GEARY BLVD","94121","1","0.13349741","Lake to Cabrillo","Implemented","2","2020 Jun 09 05:00:00 PM","MTA","Non-local access","1","2020 Oct 13 04:05:18 PM","2024 Jan 18 03:33:32 PM"
"463","LINESTRING (-122.445155753 37.777886507, -122.44684647 37.777669109)","5","6,280,000","26,384,000",,"Western Addition","B","AVE","GOLDEN GATE AVE",,"94118","1","0.09375834","Masonic to Parker","Implemented","2","2020 Jun 09 05:00:00 PM","MTA","Non-local access","1, 2","2023 Apr 20 12:00:31 PM","2024 Jan 18 03:33:32 PM"
"1,601","LINESTRING (-122.501362356 37.773652673, -122.502434852 37.773603523)","5","3,508,000","27,875,000","41ST AVE","Outer Richmond","B","ST","CABRILLO ST","42ND AVE","94121","1","0.05881069","23rd Ave to 45th Ave","Implemented","3","2020 Oct 20 05:00:00 PM","MTA","Non-local access","1","2023 Apr 28 02:29:50 PM","2024 Jan 18 03:33:32 PM"
"1,607","LINESTRING (-122.4981493 37.773799858, -122.499218503 37.773750889)","5","3,505,000","27,865,000","38TH AVE","Outer Richmond","B","ST","CABRILLO ST","39TH AVE","94121","1","0.05862988","23rd Ave to 45th Ave","Implemented","3","2020 Oct 20 05:00:00 PM","MTA","Non-local access","1","2023 Apr 28 02:29:50 PM","2024 Jan 18 03:33:32 PM"
"437","LINESTRING (-122.471114604 37.786387243, -122.472185339 37.786333496)","5","8,020,000","27,613,000","12TH AVE","Inner Richmond","B","ST","LAKE ST","FUNSTON AVE","94118","1","0.05872356","28th Avenue to Arguello Boulevard","Implemented","1","2020 Apr 30 05:00:00 PM","MTA","Non-local access","1","2021 Nov 23 04:11:01 PM","2024 Jan 18 03:33:32 PM"
"1,618","LINESTRING (-122.457058054 37.787809344, -122.459323509 37.787520715)","5","4,126,000","27,571,000","CHERRY ST","Presidio Heights","B","ST","CLAY ST","ARGUELLO BLVD","94118","1","0.12558468","Arguello to Steiner","Implemented","3","2020 Oct 05 05:00:00 PM","MTA","Non-local access","2","2020 Oct 13 04:05:18 PM","2024 Jan 18 03:33:32 PM"
"1,609","LINESTRING (-122.448835781 37.788856512, -122.450480246 37.788647125)","5","4,121,000","26,917,000","WALNUT ST","Presidio Heights","B","ST","CLAY ST","LAUREL ST","94118","1","0.09115765","Arguello to Steiner","Implemented","3","2020 Oct 05 05:00:00 PM","MTA","Non-local access","2","2020 Oct 13 04:05:18 PM","2024 Jan 18 03:33:32 PM"
"2,602","LINESTRING (-122.442945446 37.775295529, -122.443132454 37.776226036)","5","8,558,000","26,355,000","GROVE ST","North Panhandle","B","ST","LYON ST","FULTON ST","94117","1","0.06498636","Turk Street to Haight Street","Implemented","4","2021 Jul 06 05:00:00 PM","MTA","Non-local access","2, 5","2021 Jul 07 04:22:50 PM","2024 Jan 18 03:33:32 PM"
"459","LINESTRING (-122.440213335 37.778511464, -122.441865641 37.778299554)","5","6,277,000","26,073,000","BRODERICK ST","Western Addition","B","AVE","GOLDEN GATE AVE","BAKER ST","94115","1","0.09162146","Masonic to Parker","Implemented","2","2020 Jun 09 05:00:00 PM","MTA","Non-local access","2, 5","2023 Apr 20 12:00:31 PM","2024 Jan 18 03:33:32 PM"
"99","LINESTRING (-122.430629085 37.773039299, -122.43228011 37.772829248)","5","10,175,000","25,902,000","FILLMORE ST","Western Addition","B","ST","PAGE ST","STEINER ST","94117","1","0.09153844","Stanyan to Gough","Implemented","1","2020 Apr 30 05:00:00 PM","MTA","Non-local access","5","2020 Oct 13 04:05:18 PM","2024 Jan 18 03:33:32 PM"
"123","LINESTRING (-122.443836149 37.771358114, -122.445535278 37.771141934)","5","10,183,000","26,324,000","CENTRAL AVE","Haight Ashbury","B","ST","PAGE ST","MASONIC AVE","94117","1","0.09420766","Stanyan to Gough","Implemented","1","2020 Apr 30 05:00:00 PM","MTA","Non-local access","5","2020 Oct 13 04:05:18 PM","2024 Jan 18 03:33:32 PM"
"102","LINESTRING (-122.423947061 37.773889238, -122.42570021 37.77366623)","5","10,171,000","25,909,000","OCTAVIA ST","Western Addition","B","ST","PAGE ST","LAGUNA ST","94102","1","0.09719908","Stanyan to Gough","Implemented","1","2020 Apr 30 05:00:00 PM","MTA","Non-local access","5, 6","2020 Oct 13 04:05:19 PM","2024 Jan 18 03:33:32 PM"
"3,851","LINESTRING (-122.400268488 37.781869655, -122.399802202 37.781497999)","5","12,374,000","24,584,000","BONIFACIO ST","Financial District South","B",,"TANDANG SORA","RIZAL ST","94107","1","0.03617282","Harrison Street to Folsom Street","Implemented","4","1899 Dec 29 04:00:13 PM",,,"6","2023 May 22 03:55:31 PM","2024 Jan 18 03:33:32 PM"
"2,565","LINESTRING (-122.469653849 37.765782671, -122.469521965 37.763895944)","5","527,000","27,175,000","LINCOLN WAY","Inner Sunset","B","AVE","12TH AVE","IRVING ST","94122","1","0.13032322","Lincoln Way to Lawton","Implemented","4","2021 Jul 19 05:00:00 PM","MTA","Non-local access","7","2023 Apr 20 11:36:44 AM","2024 Jan 18 03:33:32 PM"
"683","LINESTRING (-122.429500086 37.749964502, -122.429422762 37.749157853)","5","11,531,000","25,645,000","25TH ST","Noe Valley","B","ST","SANCHEZ ST","CLIPPER ST","94114","1","0.05579342","23rd St to 30th St","Implemented","2","2020 May 19 05:00:00 PM","MTA","Non-local access","8","2020 Oct 13 04:05:18 PM","2024 Jan 18 03:33:32 PM"
"3,521","LINESTRING (-122.424822692 37.755074983, -122.42545718 37.755029079)","5","1,198,000","25,630,000","QUANE ST","Noe Valley","B","ST","22ND ST","DOLORES ST","94110","1","0.03488715","Bryant to Chattanooga","Planned",,,"MTA",,"8","2023 Mar 01 02:13:09 PM","2024 Jan 18 03:33:32 PM"
"691","LINESTRING (-122.428959473 37.74436324, -122.428882686 37.743565342)","5","11,538,000","21,912,000","VALLEY ST","Noe Valley","B","ST","SANCHEZ ST","29TH ST","94131","1","0.05518937","23rd St to 30th St","Implemented","2","2020 May 19 05:00:00 PM","MTA","Non-local access","8","2020 Oct 13 04:05:18 PM","2024 Jan 18 03:33:32 PM"
"3,526","LINESTRING (-122.412197892 37.755832511, -122.41329405 37.755765915)","5","1,185,000","23,994,000","HARRISON ST","Inner Mission","B","ST","22ND ST","TREAT AVE","94110","1","0.06019815","Bryant to Chattanooga","Planned",,,"MTA",,"9","2023 Mar 01 02:13:09 PM","2024 Jan 18 03:33:32 PM"
"1,716","LINESTRING (-122.390573367 37.761652312, -122.390454252 37.760424346)","5","9,055,000","23,645,000","19TH ST","Potrero Hill","B","ST","MINNESOTA ST","20TH ST","94107","1","0.08494059","Mariposa to 22nd St","Implemented","3","2020 Oct 05 05:00:00 PM","MTA","Non-local access","10","2020 Oct 13 04:05:18 PM","2024 Jan 18 03:33:32 PM"
"2,590","LINESTRING (-122.442015664 37.730721768, -122.444298409 37.730708221)","5","6,863,000","22,139,000","CONGO ST","Sunnyside","B","AVE","HEARST AVE","DETROIT ST","94131","1","0.12504267","Ridgewood Avenue to Baden Street","Implemented","4","2021 Jul 26 05:00:00 PM","MTA","Non-local access","7","2021 Aug 03 11:50:20 AM","2024 Jan 18 03:33:32 PM"
"3,537","LINESTRING (-122.423757188 37.75513652, -122.424289762 37.755105763)","5","1,196,000","25,624,000","AMES ST","Noe Valley","B","ST","22ND ST","FAIR OAKS ST","94110","1","0.02923964","Bryant to Chattanooga","Planned",,,"MTA",,"8","2023 Mar 01 02:13:09 PM","2024 Jan 18 03:33:32 PM"
"3,536","LINESTRING (-122.423181 37.755169794, -122.423757188 37.75513652)","5","1,195,000","25,623,000","GUERRERO ST","Noe Valley","B","ST","22ND ST","AMES ST","94110","1","0.03163413","Bryant to Chattanooga","Planned",,,"MTA",,"8","2023 Mar 01 02:13:09 PM","2024 Jan 18 03:33:32 PM"
"1,658","LINESTRING (-122.433408259 37.767461583, -122.433331905 37.76666203)","5","9,608,000","25,982,000","14TH ST","Castro/Upper Market","B","ST","NOE ST","HENRY ST","94114","1","0.05530149","Duboce to 18th St","Implemented","3","2020 Sep 29 05:00:00 PM","MTA","Non-local access","8","2020 Oct 13 04:05:18 PM","2024 Jan 18 03:33:32 PM"
"1,654","LINESTRING (-122.433331905 37.76666203, -122.433255472 37.765861628)","5","9,609,000","25,981,000","HENRY ST","Castro/Upper Market","B","ST","NOE ST","15TH ST","94114","1","0.0553602","Duboce to 18th St","Implemented","3","2020 Sep 29 05:00:00 PM","MTA","Non-local access","8","2020 Oct 13 04:05:18 PM","2024 Jan 18 03:33:32 PM"
"1,659","LINESTRING (-122.433255472 37.765861628, -122.433178635 37.765060652)","5","9,610,000","25,810,000","15TH ST","Castro/Upper Market","B","ST","NOE ST","BEAVER ST","94114","1","0.05540135","Duboce to 18th St","Implemented","3","2020 Sep 29 05:00:00 PM","MTA","Non-local access","8","2020 Oct 13 04:05:18 PM","2024 Jan 18 03:33:32 PM"
"673","LINESTRING (-122.416707369 37.768471369, -122.416548538 37.766871472)","5","11,832,000","24,339,000","14TH ST","The Mission","B","ST","SHOTWELL ST","15TH ST","94103","1","0.11068323","14th St to Cesar Chavez","Implemented","2","2020 May 19 05:00:00 PM","MTA","Non-local access","9","2020 Oct 13 04:05:18 PM","2024 Jan 18 03:33:32 PM"
"3,532","LINESTRING (-122.418747574 37.755436937, -122.419857943 37.75536573)","5","1,191,000","24,111,000","MISSION ST","Inner Mission","B","ST","22ND ST","BARTLETT ST","94110","1","0.06099917","Bryant to Chattanooga","Planned",,,"MTA",,"9","2023 Mar 01 02:13:09 PM","2024 Jan 18 03:33:32 PM"
"1,750","LINESTRING (-122.440472919 37.720933816, -122.440701316 37.720567746, -122.440947061 37.720184353)","5","3,836,000","22,057,000","ONEIDA AVE","Outer Mission","B","AVE","CAYUGA AVE","SUNBEAM LN","94112","1","0.05784876","Naglee to Rousseau","Implemented","3","2023 Jul 31 05:00:00 PM","MTA","Non-local access","11","2023 Sep 20 03:06:06 PM","2024 Jan 18 03:33:32 PM"
"1,295","LINESTRING (-122.494938693 37.773946842, -122.496014994 37.773897578)","5","3,502,000","27,829,000","35TH AVE","Outer Richmond","B","ST","CABRILLO ST","36TH AVE","94121","1","0.05901886","23rd Ave to 45th Ave","Implemented","3","2020 Oct 20 05:00:00 PM","MTA","Non-local access","1","2023 Apr 28 02:29:50 PM","2024 Jan 18 03:33:32 PM"
"457","LINESTRING (-122.470043747 37.786437146, -122.471114604 37.786387243)","5","8,019,000","27,612,000","11TH AVE","Inner Richmond","B","ST","LAKE ST","12TH AVE","94118","1","0.05871405","28th Avenue to Arguello Boulevard","Implemented","1","2020 Apr 30 05:00:00 PM","MTA","Non-local access","1","2021 Nov 23 04:11:01 PM","2024 Jan 18 03:33:32 PM"
"444","LINESTRING (-122.4808601 37.785933963, -122.481929204 37.785884439)","5","8,030,000","27,645,000","21ST AVE","Outer Richmond","B","ST","LAKE ST","22ND AVE","94121","1","0.05861713","28th Avenue to Arguello Boulevard","Implemented","1","2020 Apr 30 05:00:00 PM","MTA","Non-local access","1","2021 Nov 23 04:11:01 PM","2024 Jan 18 03:33:32 PM"
"443","LINESTRING (-122.476575148 37.786128282, -122.477644057 37.786079795)","5","8,026,000","27,633,000","17TH AVE","Inner Richmond","B","ST","LAKE ST","18TH AVE","94121","1","0.0586022","28th Avenue to Arguello Boulevard","Implemented","1","2020 Apr 30 05:00:00 PM","MTA","Non-local access","1","2021 Nov 23 04:11:01 PM","2024 Jan 18 03:33:32 PM"
"649","LINESTRING (-122.48245296 37.778262885, -122.482318449 37.776399887)","5","1,215,000","27,535,000","ANZA ST","Outer Richmond","B","AVE","23RD AVE","BALBOA ST","94121","1","0.12869759","Lake to Cabrillo","Implemented","2","2020 Jun 09 05:00:00 PM","MTA","Non-local access","1","2020 Oct 13 04:05:19 PM","2024 Jan 18 03:33:32 PM"
"3,844","LINESTRING (-122.483254696 37.774485588, -122.48432594 37.774436663)","5","3,491,000","27,516,000","24TH AVE","Central Richmond","B","ST","CABRILLO ST","25TH AVE","94121","1","0.05874071","23rd Ave to 45th Ave","Implemented","3","2023 Dec 05 04:00:00 PM","MTA",,"1","2023 Apr 28 02:33:11 PM","2024 Jan 18 03:33:32 PM"
"1,294","LINESTRING (-122.484225574 37.774436663, -122.485296901 37.774387725)","5","3,492,000","27,520,000","25TH AVE","Outer Richmond","B","ST","CABRILLO ST","26TH AVE","94121","1","0.05874533","23rd Ave to 45th Ave","Implemented","3","2020 Oct 20 05:00:00 PM","MTA","Non-local access","1","2023 Apr 28 02:29:50 PM","2024 Jan 18 03:33:32 PM"
"453","LINESTRING (-122.483004748 37.785834606, -122.484079805 37.78579453)","5","8,032,000","27,649,000","23RD AVE","Outer Richmond","B","ST","LAKE ST","24TH AVE","94121","1","0.05890833","28th Avenue to Arguello Boulevard","Implemented","1","2020 Apr 30 05:00:00 PM","MTA","Non-local access","1","2021 Nov 23 04:11:01 PM","2024 Jan 18 03:33:32 PM"
"462","LINESTRING (-122.440213335 37.778511464, -122.441865641 37.778299554)","5","6,277,000","26,073,000",,"Western Addition","B","AVE","GOLDEN GATE AVE",,"94115","1","0.09162146","Masonic to Parker","Implemented","2","2020 Jun 09 05:00:00 PM","MTA","Non-local access","2, 5","2023 Apr 20 12:00:31 PM","2024 Jan 18 03:33:32 PM"
"2,599","LINESTRING (-122.443321055 37.777164445, -122.44350692 37.778089213)","5","8,560,000","26,374,000","MCALLISTER ST","North Panhandle","B","ST","LYON ST","GOLDEN GATE AVE","94115","1","0.06458562","Turk Street to Haight Street","Implemented","4","2021 Jul 06 05:00:00 PM","MTA","Non-local access","2","2021 Jul 07 04:22:50 PM","2024 Jan 18 03:33:32 PM"
"1,616","LINESTRING (-122.43584896 37.790501799, -122.43749516 37.790292349)","5","4,113,000","26,636,000","STEINER ST","Pacific Heights","B","ST","CLAY ST","PIERCE ST","94115","1","0.09125014","Arguello to Steiner","Implemented","3","2020 Oct 05 05:00:00 PM","MTA","Non-local access","2","2020 Oct 13 04:05:18 PM","2024 Jan 18 03:33:32 PM"
"1,621","LINESTRING (-122.452126437 37.788437494, -122.453768965 37.788228306)","5","4,123,000","26,940,000","LOCUST ST","Presidio Heights","B","ST","CLAY ST","SPRUCE ST","94118","1","0.0910513","Arguello to Steiner","Implemented","3","2020 Oct 05 05:00:00 PM","MTA","Non-local access","2","2020 Oct 13 04:05:18 PM","2024 Jan 18 03:33:32 PM"
"646","LINESTRING (-122.441865641 37.778299554, -122.44350692 37.778089213)","5","6,278,000","26,359,000",,"Western Addition","B","AVE","GOLDEN GATE AVE",,"94115","1","0.09100856","Masonic to Parker","Implemented","2","2020 Jun 09 05:00:00 PM","MTA","Non-local access","2, 5","2023 Apr 20 12:00:31 PM","2024 Jan 18 03:33:32 PM"
"2,605","LINESTRING (-122.441997762 37.770637636, -122.442187879 37.771571038)","5","8,554,000","26,323,000","HAIGHT ST","Haight Ashbury","B","ST","LYON ST","PAGE ST","94117","1","0.06521053","Turk Street to Haight Street","Implemented","4","2021 Jul 06 05:00:00 PM","MTA","Non-local access","5, 8","2021 Jul 07 04:22:50 PM","2024 Jan 18 03:33:32 PM"
"3,849","LINESTRING (-122.400374367 37.782644516, -122.39983345 37.782213379)","5","8,588,000","24,586,000","FOLSOM ST","Financial District South","B","ST","MABINI ST","BONIFACIO ST","94107","1","0.04196202","Harrison Street to Folsom Street","Implemented","4","1899 Dec 29 04:00:13 PM",,,"6","2023 May 22 03:55:31 PM","2024 Jan 18 03:33:32 PM"
"680","LINESTRING (-122.428882686 37.743565342, -122.428805595 37.742764288)","5","11,539,000","21,910,000","29TH ST","Noe Valley","B","ST","SANCHEZ ST","DAY ST","94131","1","0.05540766","23rd St to 30th St","Implemented","2","2020 May 19 05:00:00 PM","MTA","Non-local access","8","2020 Oct 13 04:05:18 PM","2024 Jan 18 03:33:32 PM"
"693","LINESTRING (-122.42965871 37.751570854, -122.429576536 37.750762019)","5","11,529,000","25,649,000","24TH ST","Noe Valley","B","ST","SANCHEZ ST","JERSEY ST","94114","1","0.05596448","23rd St to 30th St","Implemented","2","2020 May 19 05:00:00 PM","MTA","Non-local access","8","2020 Oct 13 04:05:18 PM","2024 Jan 18 03:33:32 PM"
"685","LINESTRING (-122.429576536 37.750762019, -122.429500086 37.749964502)","5","11,530,000","25,648,000","JERSEY ST","Noe Valley","B","ST","SANCHEZ ST","25TH ST","94114","1","0.05516179","23rd St to 30th St","Implemented","2","2020 May 19 05:00:00 PM","MTA","Non-local access","8","2020 Oct 13 04:05:18 PM","2024 Jan 18 03:33:32 PM"
"3,546","LINESTRING (-122.413599748 37.758961798, -122.414690031 37.758895989)","5","1,051,000","24,036,000","TREAT AVE","Inner Mission","B","ST","20TH ST","FOLSOM ST","94110","1","0.05987074","Shotwell to Potrero","Implemented",,"2023 Feb 28 04:00:00 PM","MTA",,"9","2023 Apr 20 11:12:17 AM","2024 Jan 18 03:33:32 PM"
"1,714","LINESTRING (-122.390698494 37.762925747, -122.390573367 37.761652312)","5","9,054,000","23,650,000","18TH ST","Potrero Hill","B","ST","MINNESOTA ST","19TH ST","94107","1","0.08809255","Mariposa to 22nd St","Implemented","3","2020 Oct 05 05:00:00 PM","MTA","Non-local access","10","2020 Oct 13 04:05:18 PM","2024 Jan 18 03:33:32 PM"
"1,741","LINESTRING (-122.428952612 37.731684954, -122.429766351 37.73145973)","5","3,818,000","52,036,000","MILTON ST","Outer Mission","B","AVE","CAYUGA AVE","ROUSSEAU ST","94112","1","0.04720171","Naglee to Rousseau","Implemented","3","2023 Jul 31 05:00:00 PM","MTA","Non-local access","11","2023 Sep 20 03:06:06 PM","2024 Jan 18 03:33:32 PM"
"1,731","LINESTRING (-122.439764643 37.722069003, -122.440109243 37.721516702)","5","3,834,000","22,060,000","ONONDAGA AVE","Outer Mission","B","AVE","CAYUGA AVE","BALHI CT","94112","1","0.04251203","Naglee to Rousseau","Implemented","3","2023 Jul 31 05:00:00 PM","MTA","Non-local access","11","2023 Sep 20 03:06:06 PM","2024 Jan 18 03:33:32 PM"
"1,734","LINESTRING (-122.438684008 37.723809325, -122.438808574 37.723601276)","5","3,831,000","33,020,000","SANTA YNEZ AVE","Outer Mission","B","AVE","CAYUGA AVE","OCEAN AVE","94112","1","0.01588853","Naglee to Rousseau","Implemented","3","2023 Jul 31 05:00:00 PM","MTA","Non-local access","11","2023 Sep 20 03:06:06 PM","2024 Jan 18 03:33:32 PM"
"1,742","LINESTRING (-122.428190092 37.73201309, -122.428346809 37.731852622, -122.428952612 37.731684954)","0","3,817,000","52,035,000","CUVIER ST","Outer Mission","B","AVE","CAYUGA AVE","MILTON ST","94112","1","0.04914596","Naglee to Rousseau","Implemented","3","2023 Jul 31 05:00:00 PM","MTA","Non-local access","11","2023 Sep 20 03:06:06 PM","2024 Jan 18 03:33:32 PM"
"2,604","LINESTRING (-122.44256485 37.773424225, -122.442754865 37.774358833)","5","8,556,000","26,354,000","FELL ST","North Panhandle","B","ST","LYON ST","HAYES ST","94117","1","0.06529172","Turk Street to Haight Street","Implemented","4","2021 Jul 06 05:00:00 PM","MTA","Non-local access","5","2021 Jul 07 04:22:50 PM","2024 Jan 18 03:33:32 PM"
"3,850","LINESTRING (-122.400268488 37.781869655, -122.39983345 37.782213379)","5","3,008,000","24,584,000","TANDANG SORA","Financial District South","B","ST","BONIFACIO ST","MABINI ST","94107","1","0.03360109","Harrison Street to Folsom Street","Implemented","4","1899 Dec 29 04:00:13 PM",,,"6","2023 May 22 03:55:31 PM","2024 Jan 18 03:33:32 PM"
"1,751","LINESTRING (-122.440109243 37.721516702, -122.440472919 37.720933816)","5","3,835,000","22,063,000","BALHI CT","Outer Mission","B","AVE","CAYUGA AVE","ONEIDA AVE","94112","1","0.04486612","Naglee to Rousseau","Implemented","3","2023 Jul 31 05:00:00 PM","MTA","Non-local access","11","2023 Sep 20 03:06:06 PM","2024 Jan 18 03:33:32 PM"
"653","LINESTRING (-122.483004748 37.785834606, -122.482870048 37.783979268)","5","1,211,000","27,649,000","LAKE ST","Outer Richmond","B","AVE","23RD AVE","CALIFORNIA ST","94121","1","0.12817089","Lake to Cabrillo","Implemented","2","2020 Jun 09 05:00:00 PM","MTA","Non-local access","1","2020 Oct 13 04:05:18 PM","2024 Jan 18 03:33:32 PM"
"652","LINESTRING (-122.482870048 37.783979268, -122.482735197 37.782121759)","5","1,212,000","27,647,000","CALIFORNIA ST","Outer Richmond","B","AVE","23RD AVE","CLEMENT ST","94121","1","0.12832081","Lake to Cabrillo","Implemented","2","2020 Jun 09 05:00:00 PM","MTA","Non-local access","1","2020 Oct 13 04:05:18 PM","2024 Jan 18 03:33:32 PM"
"439","LINESTRING (-122.467898459 37.786533455, -122.468974695 37.786482586)","5","8,017,000","27,608,000","09TH AVE","Inner Richmond","B","ST","LAKE ST","10TH AVE","94118","1","0.05901181","28th Avenue to Arguello Boulevard","Implemented","1","2020 Apr 30 05:00:00 PM","MTA","Non-local access","1","2021 Nov 23 04:11:01 PM","2024 Jan 18 03:33:32 PM"
"454","LINESTRING (-122.481929204 37.785884439, -122.483004748 37.785834606)","5","8,031,000","27,646,000","22ND AVE","Outer Richmond","B","ST","LAKE ST","23RD AVE","94121","1","0.05897031","28th Avenue to Arguello Boulevard","Implemented","1","2020 Apr 30 05:00:00 PM","MTA","Non-local access","1","2021 Nov 23 04:11:01 PM","2024 Jan 18 03:33:32 PM"
"3,548","LINESTRING (-122.451346157 37.777090401, -122.452233766 37.776976223)","5","6,286,000","26,458,000","CHABOT TER","Lone Mountain","B","AVE","GOLDEN GATE AVE","TEMESCAL TER","94118","1","0.04922315","Masonic to Parker","Implemented",,"2023 Feb 28 04:00:00 PM","MTA",,"1","2023 Apr 20 12:07:52 PM","2024 Jan 18 03:33:32 PM"
"1,615","LINESTRING (-122.43749516 37.790292349, -122.439135983 37.79008145)","5","4,114,000","26,645,000","PIERCE ST","Pacific Heights","B","ST","CLAY ST","SCOTT ST","94115","1","0.09097574","Arguello to Steiner","Implemented","3","2020 Oct 05 05:00:00 PM","MTA","Non-local access","2","2020 Oct 13 04:05:18 PM","2024 Jan 18 03:33:32 PM"
"1,614","LINESTRING (-122.439135983 37.79008145, -122.440805573 37.789872296)","5","4,115,000","26,819,000","SCOTT ST","Pacific Heights","B","ST","CLAY ST","DIVISADERO ST","94115","1","0.09251172","Arguello to Steiner","Implemented","3","2020 Oct 05 05:00:00 PM","MTA","Non-local access","2","2020 Oct 13 04:05:19 PM","2024 Jan 18 03:33:32 PM"
"109","LINESTRING (-122.437234932 37.772203713, -122.438899102 37.771990424)","5","10,179,000","26,029,000","DIVISADERO ST","Haight Ashbury","B","ST","PAGE ST","BRODERICK ST","94117","1","0.0922854","Stanyan to Gough","Implemented","1","2020 Apr 30 05:00:00 PM","MTA","Non-local access","5","2020 Oct 13 04:05:18 PM","2024 Jan 18 03:33:32 PM"
"103","LINESTRING (-122.438899102 37.771990424, -122.44054621 37.771779098)","5","10,180,000","26,035,000","BRODERICK ST","Haight Ashbury","B","ST","PAGE ST","BAKER ST","94117","1","0.09134196","Stanyan to Gough","Implemented","1","2020 Apr 30 05:00:00 PM","MTA","Non-local access","5","2020 Oct 13 04:05:18 PM","2024 Jan 18 03:33:32 PM"
"2,612","LINESTRING (-122.442187879 37.771571038, -122.442377977 37.772504316)","5","8,555,000","26,325,000","PAGE ST","Haight Ashbury","B","ST","LYON ST","OAK ST","94117","1","0.06520191","Turk Street to Haight Street","Implemented","4","2021 Jul 06 05:00:00 PM","MTA","Non-local access","5","2021 Jul 07 04:22:50 PM","2024 Jan 18 03:33:32 PM"
"18","LINESTRING (-122.450407506 37.770519318, -122.452055221 37.770312752)","5","10,187,000","26,418,000","COLE ST","Haight Ashbury","B","ST","PAGE ST","SHRADER ST","94117","1","0.09132473","Stanyan to Gough","Implemented","1","2020 Apr 30 05:00:00 PM","MTA","Non-local access","5","2020 Oct 13 04:05:19 PM","2024 Jan 18 03:33:32 PM"
"3,845","LINESTRING (-122.39983345 37.782213379, -122.399349285 37.782595912)","5","3,009,000","24,585,000","MABINI ST","Financial District South","B","ST","BONIFACIO ST","LAPU-LAPU ST","94107","1","0.03739512","Harrison Street to Folsom Street","Implemented","4","1899 Dec 29 04:00:13 PM",,,"6","2023 May 22 03:55:31 PM","2024 Jan 18 03:33:32 PM"
"3,847","LINESTRING (-122.399802202 37.781497999, -122.398879207 37.782224235)","5","11,089,000","24,582,000","TANDANG SORA","Financial District South","B","ST","RIZAL ST","LAPU-LAPU ST","94107","1","0.07114262","Harrison Street to Folsom Street","Implemented","4","1899 Dec 29 04:00:13 PM",,,"6","2023 May 22 03:55:31 PM","2024 Jan 18 03:33:32 PM"
"670","LINESTRING (-122.415928746 37.760433261, -122.415779298 37.758830232)","5","11,837,000","24,125,000","19TH ST","The Mission","B","ST","SHOTWELL ST","20TH ST","94110","1","0.11085939","14th St to Cesar Chavez","Implemented","2","2020 May 19 05:00:00 PM","MTA","Non-local access","9","2020 Oct 13 04:05:18 PM","2024 Jan 18 03:33:32 PM"
"3,529","LINESTRING (-122.415473275 37.755634108, -122.416566641 37.755568278)","5","1,188,000","24,078,000","SHOTWELL ST","Inner Mission","B","ST","22ND ST","SOUTH VAN NESS AVE","94110","1","0.06004185","Bryant to Chattanooga","Planned",,,"MTA",,"9","2023 Mar 01 02:13:09 PM","2024 Jan 18 03:33:32 PM"
"3,527","LINESTRING (-122.41329405 37.755765915, -122.414387601 37.755699465)","5","1,186,000","23,997,000","TREAT AVE","Inner Mission","B","ST","22ND ST","FOLSOM ST","94110","1","0.0600551","Bryant to Chattanooga","Planned",,,"MTA",,"9","2023 Mar 01 02:13:09 PM","2024 Jan 18 03:33:32 PM"
"672","LINESTRING (-122.416387523 37.765249494, -122.416227271 37.763635137)","5","11,834,000","24,141,000","16TH ST","The Mission","B","ST","SHOTWELL ST","17TH ST","94110","1","0.1116835","14th St to Cesar Chavez","Implemented","2","2020 May 19 05:00:00 PM","MTA","Non-local access","9","2020 Oct 13 04:05:19 PM","2024 Jan 18 03:33:32 PM"
"3,547","LINESTRING (-122.414690031 37.758895989, -122.415779298 37.758830232)","5","1,052,000","24,122,000","FOLSOM ST","Inner Mission","B","ST","20TH ST","SHOTWELL ST","94110","1","0.05981505","Shotwell to Potrero","Implemented",,"2023 Feb 28 04:00:00 PM","MTA",,"9","2023 Apr 20 11:12:17 AM","2024 Jan 18 03:33:32 PM"
"1,752","LINESTRING (-122.436805493 37.72716839, -122.437933627 37.725094456)","5","3,829,000","21,801,000","SANTA ROSA AVE","Outer Mission","B","AVE","CAYUGA AVE","SAN JUAN AVE","94112","1","0.15581254","Naglee to Rousseau","Implemented","3","2023 Jul 31 05:00:00 PM","MTA","Non-local access","11","2023 Sep 20 03:06:06 PM","2024 Jan 18 03:33:32 PM"
"455","LINESTRING (-122.475503914 37.786181462, -122.476575148 37.786128282)","5","8,025,000","27,626,000","16TH AVE","Inner Richmond","B","ST","LAKE ST","17TH AVE","94118","1","0.05874853","28th Avenue to Arguello Boulevard","Implemented","1","2020 Apr 30 05:00:00 PM","MTA","Non-local access","1","2021 Nov 23 04:11:01 PM","2024 Jan 18 03:33:32 PM"
"2,589","LINESTRING (-122.444298409 37.730708221, -122.446573476 37.730699251)","5","6,864,000","22,155,000","DETROIT ST","Sunnyside","B","AVE","HEARST AVE","EDNA ST","94112","1","0.12462016","Ridgewood Avenue to Baden Street","Implemented","4","2021 Jul 26 05:00:00 PM","MTA","Non-local access","7","2021 Aug 03 11:50:20 AM","2024 Jan 18 03:33:32 PM"
"668","LINESTRING (-122.415172289 37.752439645, -122.415014331 37.750836982)","5","11,842,000","24,064,000","24TH ST","The Mission","B","ST","SHOTWELL ST","25TH ST","94110","1","0.11086952","14th St to Cesar Chavez","Implemented","2","2020 May 19 05:00:00 PM","MTA","Non-local access","9","2020 Oct 13 04:05:18 PM","2024 Jan 18 03:33:32 PM"
